{"type":"FeatureCollection","features":[{"type":"Feature","geometry":{"type":"MultiLineString","coordinates":[[[139.16794,35.65568],[139.16796,35.65569],[139.16845,35.65631],[139.16877,35.65682],[139.16865,35.65745],[139.16864,35.65764]],[[139.16684,35.653],[139.16686,35.65319],[139.16736,35.65347],[139.1677,35.65381],[139.16783,35.65435],[139.16793,35.65484],[139.16784,35.65556],[139.16794,35.65568]],[[139.16655,35.65217],[139.16658,35.65227],[139.16673,35.65266],[139.16684,35.653]],[[139.16691,35.65109],[139.16665,35.65126],[139.16658,35.65157],[139.16653,35.65204],[139.16657,35.65208]],[[139.16691,35.65109],[139.16702,35.65104],[139.16746,35.65104],[139.16823,35.6513],[139.16897,35.65126],[139.16959,35.65153],[139.17007,35.6511],[139.17093,35.65066],[139.17132,35.65052],[139.17185,35.65036],[139.17223,35.65038],[139.17298,35.65046],[139.17371,35.65033],[139.17452,35.65005],[139.17523,35.64976],[139.17566,35.64934],[139.17575,35.64901],[139.1758,35.64866],[139.17587,35.64825]],[[139.18416,35.64498],[139.18401,35.64505],[139.18301,35.64543],[139.18213,35.64555],[139.18109,35.64576],[139.17979,35.64566],[139.17906,35.64556]],[[139.19241,35.64988],[139.19244,35.64954],[139.1924,35.64877],[139.19213,35.64782],[139.19171,35.64735],[139.19091,35.64715],[139.19048,35.64684],[139.18973,35.64656],[139.18927,35.64647]],[[139.18927,35.64647],[139.18868,35.64644],[139.18812,35.64661],[139.18775,35.64651],[139.18715,35.64623],[139.18641,35.64616],[139.1855,35.64581],[139.18463,35.64525],[139.18416,35.64498]],[[139.19241,35.64988],[139.19248,35.64997],[139.19317,35.65049],[139.19419,35.65097],[139.19476,35.65115],[139.19565,35.65139],[139.19627,35.65159],[139.19655,35.65192],[139.19698,35.65218],[139.19718,35.65249],[139.19756,35.6527],[139.19824,35.65309],[139.19899,35.65292],[139.19967,35.65302],[139.2001,35.65275],[139.2005,35.65261],[139.20165,35.65258],[139.20177,35.65264]],[[139.20212,35.65307],[139.2022,35.6531],[139.20254,35.65283],[139.20317,35.65267],[139.2034,35.65229],[139.20378,35.65188],[139.20454,35.65178],[139.20554,35.65178],[139.20609,35.65125],[139.20664,35.65063],[139.20728,35.65005],[139.20793,35.64978],[139.20884,35.64985],[139.20938,35.6499],[139.20982,35.64949],[139.21084,35.64944],[139.21121,35.64948]],[[139.20177,35.65264],[139.20183,35.65269],[139.20212,35.65307]],[[139.21121,35.64948],[139.21131,35.64951],[139.21164,35.6491],[139.2119,35.64872],[139.2124,35.64858],[139.21295,35.6482],[139.21354,35.64812],[139.21391,35.64769],[139.21428,35.64736],[139.21473,35.64725],[139.2149,35.64692],[139.21513,35.64649],[139.21567,35.64618],[139.21574,35.64614]],[[139.21521,35.6443],[139.21533,35.64442],[139.21583,35.64497],[139.21565,35.64504],[139.2159,35.64513],[139.21597,35.6452],[139.21586,35.64531],[139.21592,35.64554],[139.21574,35.64614]],[[139.21656,35.6362],[139.21647,35.63628],[139.21648,35.63632],[139.21647,35.63636],[139.21631,35.63647],[139.21635,35.63653],[139.21623,35.63654],[139.21623,35.63674],[139.21606,35.63687],[139.21598,35.63681],[139.21565,35.637],[139.21554,35.63744],[139.21547,35.63767],[139.21548,35.63811],[139.21545,35.6385],[139.21542,35.63863],[139.21545,35.63876],[139.21553,35.63882],[139.21554,35.63909],[139.21556,35.63938],[139.2154,35.63984],[139.21522,35.64067],[139.21519,35.64079],[139.21499,35.64099],[139.21466,35.64152],[139.21475,35.6421],[139.21501,35.64245],[139.21503,35.64264],[139.21501,35.64318],[139.215,35.6434],[139.21498,35.64407],[139.21521,35.6443]],[[139.22704,35.62652],[139.22697,35.62651],[139.22629,35.62668],[139.2261,35.62691],[139.2259,35.62722],[139.22525,35.62731],[139.22474,35.62766],[139.22419,35.62771],[139.22387,35.62795],[139.22352,35.62818]],[[139.221,35.63017],[139.221,35.63022],[139.22102,35.63051],[139.22088,35.63068],[139.22072,35.63086],[139.22054,35.63092],[139.22033,35.63101],[139.22013,35.63125],[139.21996,35.63132],[139.21987,35.63138],[139.2198,35.63155],[139.21967,35.63167],[139.21956,35.6318],[139.21945,35.6319],[139.21927,35.632],[139.21916,35.63212],[139.21907,35.63227],[139.21894,35.63247],[139.21887,35.63267],[139.21881,35.63286],[139.21876,35.63311],[139.21865,35.63332],[139.21853,35.63355],[139.21835,35.63369],[139.21806,35.63381],[139.21783,35.634],[139.21766,35.63413],[139.21746,35.63433],[139.21728,35.63443],[139.21708,35.63449],[139.2169,35.63457],[139.21675,35.6347],[139.21677,35.6348],[139.21685,35.63489],[139.21687,35.63503],[139.21689,35.63514],[139.21693,35.63531],[139.21696,35.63541],[139.21689,35.63551],[139.21679,35.63559],[139.2167,35.63564]],[[139.22176,35.62918],[139.22189,35.62914],[139.22247,35.62857],[139.22252,35.62828],[139.22275,35.62823],[139.2232,35.62815],[139.22352,35.62818]],[[139.23476,35.62605],[139.23463,35.62615],[139.23398,35.62627],[139.23303,35.62624],[139.23252,35.62613],[139.23159,35.62627],[139.23089,35.62631],[139.2299,35.62634],[139.22956,35.62636],[139.22922,35.6264],[139.22887,35.62641],[139.22852,35.62652],[139.22809,35.62663],[139.22757,35.62667],[139.22704,35.62652]],[[139.22155,35.6294],[139.22176,35.62918]],[[139.22155,35.6294],[139.22143,35.62954],[139.22132,35.62965],[139.22118,35.62975]],[[139.221,35.63017],[139.22099,35.63008],[139.22092,35.62995],[139.22079,35.62985],[139.22102,35.62966],[139.22118,35.62975]],[[139.22118,35.62975],[139.22133,35.6298],[139.22125,35.63001],[139.221,35.63017]],[[139.17587,35.64825],[139.17595,35.64818],[139.17633,35.648],[139.17672,35.64768],[139.17713,35.64723],[139.17736,35.64679],[139.1779,35.64655],[139.17844,35.64608],[139.17894,35.64561],[139.17906,35.64556]]]},"properties":{"name":"高尾山〜陣馬山","area":"okutama"}},{"type":"Feature","geometry":{"type":"MultiLineString","coordinates":[[[138.94402,35.85562],[138.94398,35.8556],[138.94394,35.8555],[138.944,35.85543],[138.94405,35.85536],[138.94409,35.85524],[138.94417,35.85486],[138.94404,35.85467],[138.94406,35.85458]],[[138.94406,35.85458],[138.94413,35.85457],[138.94428,35.85456],[138.94433,35.85451],[138.9444,35.85451],[138.94447,35.85449],[138.94456,35.85452],[138.94459,35.85451],[138.94465,35.85447],[138.9447,35.85446],[138.94481,35.85446],[138.94509,35.8543],[138.9452,35.85421],[138.94533,35.85416],[138.94548,35.85406],[138.94562,35.85394],[138.94593,35.85371],[138.94616,35.85339],[138.94679,35.85242],[138.94703,35.8521],[138.94708,35.85194],[138.94716,35.85167]],[[138.94716,35.85167],[138.94718,35.85164],[138.94724,35.85144],[138.94741,35.85133],[138.94754,35.85118],[138.94759,35.85111],[138.94761,35.85105],[138.94766,35.85096],[138.94778,35.85084],[138.94779,35.85079]],[[138.94779,35.85079],[138.94779,35.8506],[138.94785,35.85041],[138.94797,35.85023],[138.94812,35.85002],[138.94824,35.84961],[138.94822,35.84936],[138.94829,35.84926],[138.94841,35.84919],[138.94839,35.84912],[138.94836,35.8491],[138.9484,35.84907],[138.94835,35.84905],[138.94832,35.84902],[138.94834,35.84899],[138.94837,35.84896],[138.94836,35.84891],[138.94833,35.84889],[138.94833,35.84886],[138.94832,35.84883],[138.94832,35.84878],[138.94833,35.84876],[138.94832,35.84873],[138.94828,35.84874],[138.94831,35.84868],[138.94826,35.84867],[138.94829,35.84862],[138.94826,35.84861],[138.94827,35.84858],[138.94826,35.84855],[138.94826,35.84851],[138.94821,35.8485],[138.94824,35.84846],[138.94821,35.84844],[138.94821,35.84841],[138.94821,35.84839],[138.94817,35.84838],[138.94819,35.84834],[138.94815,35.84832],[138.94817,35.84828],[138.94816,35.84824],[138.9481,35.8482],[138.94804,35.84814],[138.94801,35.84807],[138.94797,35.84802],[138.94788,35.84798],[138.94776,35.84793],[138.9477,35.84786],[138.9477,35.84782],[138.9477,35.84778],[138.94769,35.84774],[138.94763,35.84772],[138.94761,35.84771],[138.9476,35.84767],[138.94758,35.84764],[138.94757,35.84758],[138.94759,35.84756]],[[138.94759,35.84756],[138.94759,35.84753],[138.94755,35.84751],[138.94758,35.84746],[138.94754,35.84742],[138.94756,35.8474],[138.94755,35.84735],[138.94755,35.84729],[138.94756,35.84722],[138.94756,35.84717],[138.94756,35.84714],[138.94759,35.84702],[138.94755,35.8469],[138.94755,35.84679],[138.94757,35.84672],[138.94754,35.84667],[138.94757,35.84663],[138.9476,35.84658],[138.94761,35.84653]],[[138.94761,35.84653],[138.9476,35.8465],[138.94763,35.84641],[138.94763,35.84635],[138.94763,35.8463],[138.94764,35.84624],[138.94763,35.84619],[138.94769,35.84614]],[[138.94769,35.84614],[138.94772,35.84611],[138.94773,35.84604],[138.94772,35.84599],[138.94773,35.84591],[138.94773,35.84584],[138.94778,35.84573],[138.9478,35.84564],[138.94782,35.84557],[138.94784,35.84543],[138.94778,35.8453],[138.9478,35.84523],[138.9478,35.84501],[138.9478,35.84494]],[[138.9478,35.84494],[138.94778,35.84479],[138.94774,35.84464],[138.94769,35.84446],[138.94768,35.84433],[138.94764,35.84425]],[[138.94764,35.84425],[138.94763,35.84416],[138.94757,35.84404],[138.94756,35.84388],[138.94753,35.84377],[138.94745,35.84368]],[[138.94745,35.84368],[138.94744,35.84363],[138.94737,35.84353],[138.94725,35.84342],[138.94717,35.84327],[138.94709,35.84321]],[[138.94709,35.84321],[138.94704,35.84318],[138.94713,35.84311],[138.94712,35.84301],[138.94715,35.84298],[138.94719,35.84291],[138.94722,35.84284],[138.94724,35.84275],[138.94737,35.84271],[138.94742,35.84261],[138.94736,35.84255],[138.94749,35.84244],[138.94747,35.84237],[138.94751,35.84231],[138.94765,35.8422],[138.94767,35.84212]],[[138.94767,35.84212],[138.94767,35.84206],[138.94782,35.84193],[138.94807,35.84174],[138.94832,35.8415],[138.94839,35.84134],[138.94842,35.84124],[138.9485,35.84116],[138.94859,35.84105],[138.94868,35.84089],[138.94883,35.84063],[138.94897,35.84042],[138.9492,35.84023],[138.94938,35.84004],[138.94951,35.8399],[138.94967,35.83976],[138.94988,35.83952],[138.95004,35.83927],[138.95021,35.8391],[138.95041,35.83894],[138.95053,35.8388],[138.95058,35.83871],[138.95073,35.83869],[138.95082,35.83865],[138.9509,35.8386],[138.95098,35.83854],[138.95116,35.83837],[138.95128,35.83833],[138.95141,35.83829],[138.95137,35.83826],[138.95149,35.83823],[138.95145,35.83818],[138.95154,35.83814],[138.95161,35.8381],[138.9517,35.83802],[138.95188,35.83785],[138.95194,35.83777],[138.95205,35.83771],[138.95209,35.83764],[138.95217,35.83756],[138.95228,35.83751],[138.95234,35.83741],[138.95234,35.83733],[138.95242,35.83727],[138.95249,35.83722],[138.95254,35.83713]],[[138.95254,35.83713],[138.95261,35.83708],[138.9527,35.83698],[138.95278,35.83685],[138.9528,35.83677],[138.95282,35.83667],[138.95288,35.8366],[138.9529,35.83653],[138.95292,35.83646],[138.95299,35.83643],[138.9531,35.83642],[138.95319,35.83638],[138.95326,35.83633],[138.95341,35.83623],[138.95354,35.83617],[138.95366,35.83612],[138.95385,35.83603],[138.95398,35.83595],[138.95409,35.83587],[138.95418,35.83575],[138.95429,35.83566],[138.95444,35.83552],[138.95458,35.83534],[138.95468,35.83522],[138.95479,35.83513],[138.95495,35.83501],[138.95512,35.8349],[138.95531,35.8348],[138.95557,35.83461],[138.95564,35.83457],[138.95576,35.83449],[138.95594,35.83443],[138.95609,35.83435],[138.95633,35.83409],[138.95658,35.8338],[138.95686,35.83354],[138.95721,35.83335],[138.95752,35.83311],[138.95768,35.83296],[138.95789,35.83292],[138.95812,35.83283],[138.95821,35.83276],[138.95834,35.8327],[138.95839,35.83262],[138.95844,35.83254],[138.95851,35.83247],[138.95858,35.83224],[138.95865,35.83211]],[[138.95865,35.83211],[138.95875,35.83203],[138.95886,35.83167],[138.95901,35.83146],[138.95924,35.83117],[138.95956,35.83102],[138.95971,35.83095],[138.95978,35.83093],[138.95993,35.83093],[138.96,35.83094],[138.96007,35.83091],[138.96017,35.83093],[138.96024,35.83089],[138.96029,35.83087],[138.96038,35.83089],[138.9604,35.83087],[138.96041,35.83085],[138.96046,35.83085],[138.96051,35.83082],[138.96053,35.83079],[138.96059,35.8308],[138.96061,35.83077],[138.96068,35.83079],[138.9607,35.83076],[138.96072,35.83074],[138.96078,35.83073],[138.96079,35.83071],[138.96084,35.83069],[138.96089,35.83068],[138.96092,35.83065],[138.96099,35.83067],[138.96108,35.83062],[138.96114,35.83061],[138.96115,35.83056],[138.96121,35.83058],[138.96122,35.83056],[138.96126,35.83058],[138.96128,35.83055],[138.9613,35.83053],[138.96135,35.8305],[138.96141,35.83052],[138.96146,35.83049],[138.96151,35.83043],[138.96156,35.83041],[138.96163,35.83037],[138.96167,35.83034],[138.96168,35.83029],[138.96163,35.83019],[138.96168,35.83014],[138.9617,35.83009],[138.96178,35.83001],[138.9618,35.82993],[138.96178,35.82982],[138.9618,35.82975]],[[138.9618,35.82975],[138.96177,35.82968],[138.96209,35.82951],[138.96297,35.82916],[138.96342,35.82911],[138.9638,35.82922],[138.96447,35.8292]],[[138.96447,35.8292],[138.96473,35.82929],[138.96591,35.82994],[138.96652,35.82999],[138.96702,35.83015]],[[138.96702,35.83015],[138.96712,35.83018],[138.96775,35.83052],[138.96826,35.83068]],[[138.96984,35.8311],[138.9697,35.83106],[138.96897,35.83077],[138.96826,35.83068]],[[138.97417,35.82828],[138.97407,35.82826],[138.97378,35.82861],[138.97317,35.82947],[138.97245,35.82993],[138.97216,35.83035],[138.97144,35.83066],[138.97022,35.83101],[138.96984,35.8311]],[[138.97417,35.82828],[138.97536,35.82886],[138.97641,35.82946],[138.97748,35.82978],[138.97871,35.83013],[138.97932,35.83043],[138.98012,35.83078],[138.98075,35.83084],[138.98169,35.83093],[138.98195,35.83102],[138.98225,35.83116],[138.98254,35.83119],[138.98304,35.83159],[138.98355,35.83151],[138.984,35.8314]],[[138.984,35.8314],[138.98432,35.83123],[138.9849,35.83092],[138.9854,35.83071],[138.98568,35.83036],[138.98626,35.82988],[138.98685,35.82986],[138.98753,35.82993],[138.98812,35.82979],[138.9882,35.82946],[138.98873,35.82899],[138.98934,35.82871],[138.98984,35.82828],[138.99023,35.82777],[138.99068,35.82752],[138.99076,35.8271],[138.99097,35.82682],[138.99149,35.82708],[138.99196,35.82693],[138.99241,35.82688]],[[138.99241,35.82688],[138.99254,35.82691],[138.99296,35.82687],[138.99334,35.82703],[138.99364,35.82724],[138.99425,35.82719],[138.99469,35.82701],[138.99524,35.82734],[138.99582,35.8274],[138.99643,35.82732],[138.99694,35.82725]],[[138.99694,35.82725],[138.99707,35.82725],[138.99743,35.82735],[138.99776,35.82774],[138.9982,35.82799],[138.99886,35.82788],[138.99963,35.82773],[139.00029,35.82753],[139.00109,35.82786],[139.00152,35.82787],[139.00232,35.82796]],[[139.00259,35.8279],[139.00232,35.82796]],[[139.00395,35.82775],[139.00374,35.82767],[139.00313,35.8278],[139.00259,35.8279]],[[139.00395,35.82775],[139.00443,35.82806],[139.00446,35.82811]],[[139.00463,35.82815],[139.00446,35.82811]],[[139.00463,35.82815],[139.00498,35.82818],[139.00599,35.8283],[139.00648,35.82822],[139.00697,35.82775],[139.00741,35.8279],[139.00796,35.82815],[139.00895,35.82824],[139.00968,35.82816],[139.01032,35.82839],[139.01073,35.82849],[139.0112,35.82853],[139.01178,35.82859],[139.01257,35.82839],[139.01324,35.82783],[139.01391,35.82717],[139.01476,35.82678],[139.01535,35.8264],[139.01585,35.82601],[139.01626,35.82555],[139.01648,35.82518],[139.01699,35.82487],[139.01748,35.82433]],[[139.01748,35.82433],[139.01784,35.82392],[139.01845,35.82351],[139.01867,35.82325],[139.01896,35.82256]],[[139.02423,35.82284],[139.02401,35.82297],[139.02286,35.82344],[139.02203,35.82358],[139.02125,35.8233],[139.02004,35.82288],[139.01896,35.82256]],[[139.02423,35.82284],[139.02474,35.82274],[139.02561,35.82242],[139.02625,35.82236],[139.02663,35.82288],[139.0274,35.82278],[139.02855,35.82259],[139.02886,35.82314],[139.02993,35.82325],[139.03129,35.82311],[139.03245,35.82339],[139.03334,35.82329],[139.03348,35.82308]],[[139.03348,35.82308],[139.03354,35.82285],[139.03401,35.82299],[139.03474,35.82267],[139.03556,35.82205],[139.03644,35.822],[139.03693,35.82208],[139.03711,35.82202]],[[139.03711,35.82202],[139.03738,35.82196],[139.03813,35.82142],[139.03898,35.821],[139.0397,35.82059],[139.0403,35.81989],[139.04072,35.81987],[139.04074,35.82011],[139.04083,35.82031],[139.04092,35.82022],[139.04106,35.82012],[139.04136,35.82022],[139.0417,35.82005],[139.04233,35.81979],[139.04303,35.81948],[139.0439,35.819],[139.04456,35.8189],[139.04563,35.81869],[139.04621,35.81839]],[[139.04621,35.81839],[139.04669,35.81811],[139.0473,35.81807],[139.04763,35.81808],[139.04768,35.81807]],[[139.05082,35.81889],[139.05038,35.81864],[139.04963,35.81847],[139.04867,35.81818],[139.04817,35.81816],[139.04768,35.81807]],[[139.05082,35.81889],[139.05107,35.81887],[139.05187,35.81879],[139.05238,35.81855],[139.05295,35.81821],[139.05327,35.81826]],[[139.05327,35.81826],[139.05377,35.81796],[139.05384,35.8178],[139.05419,35.81767],[139.05445,35.81747],[139.05478,35.81738],[139.05556,35.81717],[139.05585,35.81696],[139.05629,35.81686],[139.05668,35.81653],[139.05677,35.81636],[139.05697,35.81619],[139.05693,35.81575],[139.05702,35.81558],[139.05757,35.81523],[139.05805,35.81504],[139.0586,35.8147],[139.05935,35.81447],[139.05971,35.81429],[139.06011,35.81404],[139.06042,35.81371],[139.06087,35.81355],[139.06115,35.81375],[139.06179,35.81374]],[[139.06179,35.81374],[139.06191,35.81372],[139.06265,35.8138],[139.06313,35.81394],[139.06384,35.81387],[139.06502,35.8136],[139.06662,35.81327],[139.06737,35.81317],[139.06801,35.8135],[139.06871,35.81364],[139.0699,35.81349],[139.07043,35.8131],[139.07071,35.81288],[139.07108,35.81261],[139.07151,35.8123],[139.07165,35.81221]],[[139.07165,35.81221],[139.07182,35.81201],[139.07212,35.8117],[139.07278,35.81107],[139.07364,35.81008],[139.07409,35.80999],[139.07483,35.80977],[139.07544,35.80961],[139.07625,35.80957],[139.0772,35.8096]],[[139.0772,35.8096],[139.07731,35.80961],[139.07796,35.80991],[139.07948,35.81018],[139.08065,35.81048],[139.08231,35.81068],[139.08296,35.81073],[139.08295,35.81045],[139.08279,35.80989],[139.0825,35.80936],[139.0825,35.80924]],[[139.0825,35.80924],[139.08311,35.80947],[139.08363,35.80969],[139.0842,35.8096],[139.08461,35.80923],[139.08597,35.80857],[139.08606,35.80851],[139.0858,35.80827]],[[139.0858,35.80827],[139.08572,35.80821],[139.08589,35.80819],[139.08623,35.80811],[139.08645,35.80799],[139.08646,35.80791]],[[139.08646,35.80791],[139.08646,35.8079],[139.08635,35.80786],[139.08595,35.80785],[139.08594,35.80783]]]},"properties":{"name":"石尾根縦走路","area":"okutama"}},{"type":"Feature","geometry":{"type":"MultiLineString","coordinates":[[[138.94402,35.85562],[138.94398,35.8556],[138.94394,35.8555],[138.944,35.85543],[138.94405,35.85536],[138.94409,35.85524],[138.94417,35.85486],[138.94404,35.85467],[138.94406,35.85458]],[[138.94406,35.85458],[138.94413,35.85457],[138.94428,35.85456],[138.94433,35.85451],[138.9444,35.85451],[138.94447,35.85449],[138.94456,35.85452],[138.94459,35.85451],[138.94465,35.85447],[138.9447,35.85446],[138.94481,35.85446],[138.94509,35.8543],[138.9452,35.85421],[138.94533,35.85416],[138.94548,35.85406],[138.94562,35.85394],[138.94593,35.85371],[138.94616,35.85339],[138.94679,35.85242],[138.94703,35.8521],[138.94708,35.85194],[138.94716,35.85167]],[[138.94716,35.85167],[138.94718,35.85164],[138.94724,35.85144],[138.94741,35.85133],[138.94754,35.85118],[138.94759,35.85111],[138.94761,35.85105],[138.94766,35.85096],[138.94778,35.85084],[138.94779,35.85079]],[[138.94779,35.85079],[138.94779,35.8506],[138.94785,35.85041],[138.94797,35.85023],[138.94812,35.85002],[138.94824,35.84961],[138.94822,35.84936],[138.94829,35.84926],[138.94841,35.84919],[138.94839,35.84912],[138.94836,35.8491],[138.9484,35.84907],[138.94835,35.84905],[138.94832,35.84902],[138.94834,35.84899],[138.94837,35.84896],[138.94836,35.84891],[138.94833,35.84889],[138.94833,35.84886],[138.94832,35.84883],[138.94832,35.84878],[138.94833,35.84876],[138.94832,35.84873],[138.94828,35.84874],[138.94831,35.84868],[138.94826,35.84867],[138.94829,35.84862],[138.94826,35.84861],[138.94827,35.84858],[138.94826,35.84855],[138.94826,35.84851],[138.94821,35.8485],[138.94824,35.84846],[138.94821,35.84844],[138.94821,35.84841],[138.94821,35.84839],[138.94817,35.84838],[138.94819,35.84834],[138.94815,35.84832],[138.94817,35.84828],[138.94816,35.84824],[138.9481,35.8482],[138.94804,35.84814],[138.94801,35.84807],[138.94797,35.84802],[138.94788,35.84798],[138.94776,35.84793],[138.9477,35.84786],[138.9477,35.84782],[138.9477,35.84778],[138.94769,35.84774],[138.94763,35.84772],[138.94761,35.84771],[138.9476,35.84767],[138.94758,35.84764],[138.94757,35.84758],[138.94759,35.84756]],[[138.94759,35.84756],[138.94759,35.84753],[138.94755,35.84751],[138.94758,35.84746],[138.94754,35.84742],[138.94756,35.8474],[138.94755,35.84735],[138.94755,35.84729],[138.94756,35.84722],[138.94756,35.84717],[138.94756,35.84714],[138.94759,35.84702],[138.94755,35.8469],[138.94755,35.84679],[138.94757,35.84672],[138.94754,35.84667],[138.94757,35.84663],[138.9476,35.84658],[138.94761,35.84653]],[[138.94761,35.84653],[138.9476,35.8465],[138.94763,35.84641],[138.94763,35.84635],[138.94763,35.8463],[138.94764,35.84624],[138.94763,35.84619],[138.94769,35.84614]],[[138.94769,35.84614],[138.94772,35.84611],[138.94773,35.84604],[138.94772,35.84599],[138.94773,35.84591],[138.94773,35.84584],[138.94778,35.84573],[138.9478,35.84564],[138.94782,35.84557],[138.94784,35.84543],[138.94778,35.8453],[138.9478,35.84523],[138.9478,35.84501],[138.9478,35.84494]],[[138.9478,35.84494],[138.94778,35.84479],[138.94774,35.84464],[138.94769,35.84446],[138.94768,35.84433],[138.94764,35.84425]],[[138.94764,35.84425],[138.94763,35.84416],[138.94757,35.84404],[138.94756,35.84388],[138.94753,35.84377],[138.94745,35.84368]],[[138.94745,35.84368],[138.94744,35.84363],[138.94737,35.84353],[138.94725,35.84342],[138.94717,35.84327],[138.94709,35.84321]],[[138.94709,35.84321],[138.94704,35.84318],[138.94713,35.84311],[138.94712,35.84301],[138.94715,35.84298],[138.94719,35.84291],[138.94722,35.84284],[138.94724,35.84275],[138.94737,35.84271],[138.94742,35.84261],[138.94736,35.84255],[138.94749,35.84244],[138.94747,35.84237],[138.94751,35.84231],[138.94765,35.8422],[138.94767,35.84212]],[[138.94767,35.84212],[138.94767,35.84206],[138.94782,35.84193],[138.94807,35.84174],[138.94832,35.8415],[138.94839,35.84134],[138.94842,35.84124],[138.9485,35.84116],[138.94859,35.84105],[138.94868,35.84089],[138.94883,35.84063],[138.94897,35.84042],[138.9492,35.84023],[138.94938,35.84004],[138.94951,35.8399],[138.94967,35.83976],[138.94988,35.83952],[138.95004,35.83927],[138.95021,35.8391],[138.95041,35.83894],[138.95053,35.8388],[138.95058,35.83871],[138.95073,35.83869],[138.95082,35.83865],[138.9509,35.8386],[138.95098,35.83854],[138.95116,35.83837],[138.95128,35.83833],[138.95141,35.83829],[138.95137,35.83826],[138.95149,35.83823],[138.95145,35.83818],[138.95154,35.83814],[138.95161,35.8381],[138.9517,35.83802],[138.95188,35.83785],[138.95194,35.83777],[138.95205,35.83771],[138.95209,35.83764],[138.95217,35.83756],[138.95228,35.83751],[138.95234,35.83741],[138.95234,35.83733],[138.95242,35.83727],[138.95249,35.83722],[138.95254,35.83713]],[[138.95254,35.83713],[138.95261,35.83708],[138.9527,35.83698],[138.95278,35.83685],[138.9528,35.83677],[138.95282,35.83667],[138.95288,35.8366],[138.9529,35.83653],[138.95292,35.83646],[138.95299,35.83643],[138.9531,35.83642],[138.95319,35.83638],[138.95326,35.83633],[138.95341,35.83623],[138.95354,35.83617],[138.95366,35.83612],[138.95385,35.83603],[138.95398,35.83595],[138.95409,35.83587],[138.95418,35.83575],[138.95429,35.83566],[138.95444,35.83552],[138.95458,35.83534],[138.95468,35.83522],[138.95479,35.83513],[138.95495,35.83501],[138.95512,35.8349],[138.95531,35.8348],[138.95557,35.83461],[138.95564,35.83457],[138.95576,35.83449],[138.95594,35.83443],[138.95609,35.83435],[138.95633,35.83409],[138.95658,35.8338],[138.95686,35.83354],[138.95721,35.83335],[138.95752,35.83311],[138.95768,35.83296],[138.95789,35.83292],[138.95812,35.83283],[138.95821,35.83276],[138.95834,35.8327],[138.95839,35.83262],[138.95844,35.83254],[138.95851,35.83247],[138.95858,35.83224],[138.95865,35.83211]],[[138.95865,35.83211],[138.95875,35.83203],[138.95886,35.83167],[138.95901,35.83146],[138.95924,35.83117],[138.95956,35.83102],[138.95971,35.83095],[138.95978,35.83093],[138.95993,35.83093],[138.96,35.83094],[138.96007,35.83091],[138.96017,35.83093],[138.96024,35.83089],[138.96029,35.83087],[138.96038,35.83089],[138.9604,35.83087],[138.96041,35.83085],[138.96046,35.83085],[138.96051,35.83082],[138.96053,35.83079],[138.96059,35.8308],[138.96061,35.83077],[138.96068,35.83079],[138.9607,35.83076],[138.96072,35.83074],[138.96078,35.83073],[138.96079,35.83071],[138.96084,35.83069],[138.96089,35.83068],[138.96092,35.83065],[138.96099,35.83067],[138.96108,35.83062],[138.96114,35.83061],[138.96115,35.83056],[138.96121,35.83058],[138.96122,35.83056],[138.96126,35.83058],[138.96128,35.83055],[138.9613,35.83053],[138.96135,35.8305],[138.96141,35.83052],[138.96146,35.83049],[138.96151,35.83043],[138.96156,35.83041],[138.96163,35.83037],[138.96167,35.83034],[138.96168,35.83029],[138.96163,35.83019],[138.96168,35.83014],[138.9617,35.83009],[138.96178,35.83001],[138.9618,35.82993],[138.96178,35.82982],[138.9618,35.82975]],[[138.9618,35.82975],[138.96177,35.82968],[138.96209,35.82951],[138.96297,35.82916],[138.96342,35.82911],[138.9638,35.82922],[138.96447,35.8292]],[[138.96447,35.8292],[138.96452,35.82911],[138.96462,35.829],[138.96479,35.82889],[138.96476,35.82881],[138.96495,35.82874],[138.9651,35.82863],[138.96518,35.82853],[138.96536,35.82836]],[[138.96536,35.82836],[138.96534,35.82831],[138.96516,35.82832],[138.96498,35.82826],[138.96471,35.82826]],[[138.96471,35.82826],[138.96486,35.82817],[138.96512,35.82791],[138.96543,35.82768],[138.96572,35.82744],[138.96594,35.82736],[138.96621,35.82741],[138.96624,35.82728],[138.96615,35.82714],[138.96607,35.82702],[138.96609,35.8268],[138.96615,35.82655],[138.96629,35.8263],[138.966,35.82636],[138.96578,35.82653],[138.96549,35.82668]],[[138.96549,35.82668],[138.96553,35.82661],[138.96569,35.82645],[138.96574,35.82627],[138.96572,35.82614],[138.96574,35.8259],[138.96605,35.8257],[138.96638,35.82545],[138.96659,35.82519],[138.96668,35.82494],[138.96665,35.82478],[138.96688,35.82442],[138.96682,35.82413],[138.96689,35.82394],[138.96704,35.8236],[138.96705,35.82327],[138.96702,35.82304],[138.96715,35.82277],[138.96719,35.82252],[138.96723,35.82212],[138.96715,35.82188],[138.96693,35.82147],[138.96675,35.82134],[138.96648,35.82156],[138.96629,35.82162],[138.96642,35.82147],[138.96647,35.82118],[138.96673,35.82084],[138.96691,35.82051],[138.96715,35.8199],[138.96718,35.8197],[138.96706,35.8195],[138.96681,35.81922],[138.96681,35.81897],[138.96676,35.81877],[138.96676,35.81856],[138.96675,35.81833],[138.96672,35.81806],[138.96669,35.81774],[138.96666,35.81749],[138.96695,35.81687],[138.96697,35.81659],[138.96708,35.81629],[138.96707,35.81571],[138.96701,35.81546],[138.96706,35.81522],[138.96706,35.81494],[138.96712,35.81468],[138.96698,35.81443],[138.96698,35.81423],[138.96697,35.81398],[138.96702,35.81376],[138.96727,35.81356],[138.96749,35.81338],[138.96772,35.81312],[138.96768,35.81292],[138.96741,35.81266],[138.96749,35.81234],[138.96769,35.81196],[138.96779,35.81178],[138.96783,35.81159],[138.96774,35.81129],[138.96786,35.81114],[138.96782,35.81104],[138.96773,35.81091],[138.96767,35.81069],[138.96768,35.81053],[138.96752,35.81032],[138.96752,35.81011],[138.96751,35.81003],[138.96731,35.80991],[138.96713,35.80974],[138.96709,35.80955],[138.96695,35.80942],[138.96697,35.80921],[138.96711,35.8089],[138.96722,35.80857],[138.96726,35.80831],[138.96745,35.8082]],[[138.96745,35.8082],[138.96753,35.80813],[138.9675,35.80796],[138.96747,35.80765],[138.96749,35.80755]],[[138.96749,35.80755],[138.9675,35.80746],[138.96756,35.80719],[138.96748,35.80705],[138.96737,35.8067],[138.96705,35.80657],[138.96681,35.80627],[138.96679,35.80592],[138.96684,35.8057],[138.9669,35.80562]],[[138.9669,35.80562],[138.96697,35.80553],[138.96692,35.80526],[138.96685,35.80483],[138.96686,35.80469],[138.96686,35.80457],[138.96681,35.80431],[138.96715,35.8042],[138.96734,35.80416],[138.96754,35.80406],[138.96783,35.80385],[138.968,35.80353],[138.96819,35.80332],[138.96824,35.80315],[138.96828,35.8029],[138.96825,35.80268],[138.96833,35.80239],[138.96827,35.80215],[138.96825,35.80196]],[[138.96825,35.80196],[138.96829,35.80188],[138.9684,35.80165],[138.96833,35.80151],[138.96823,35.80132],[138.96803,35.80107],[138.96778,35.80098],[138.9675,35.80081],[138.96745,35.80063],[138.96734,35.80054],[138.96726,35.80029],[138.96735,35.8],[138.96759,35.79983]],[[138.96759,35.79983],[138.96767,35.79979],[138.96792,35.79964],[138.96832,35.79933],[138.96868,35.79908],[138.96888,35.79893],[138.96893,35.79875],[138.96909,35.79847],[138.96919,35.79831],[138.96932,35.7982],[138.96956,35.79814],[138.96959,35.79799],[138.96952,35.79778],[138.96973,35.79765],[138.97005,35.79755],[138.97049,35.79742],[138.97092,35.79728],[138.9712,35.79706],[138.97121,35.7968],[138.97122,35.7966],[138.97121,35.79631],[138.97135,35.796],[138.97159,35.79578],[138.97165,35.79553],[138.97154,35.79548],[138.97127,35.7952],[138.97123,35.79485],[138.97151,35.79462],[138.97179,35.79425],[138.97225,35.79397],[138.97243,35.79365],[138.97291,35.79348],[138.97294,35.79326],[138.97304,35.79311],[138.97332,35.79305],[138.97353,35.79306],[138.97382,35.7929],[138.97371,35.79266],[138.97351,35.7924],[138.97326,35.79218],[138.97312,35.792],[138.97311,35.79179],[138.97292,35.79157],[138.97282,35.79141],[138.97288,35.79124],[138.97339,35.79081],[138.97362,35.79053],[138.97368,35.7903],[138.97377,35.79009],[138.97377,35.7898],[138.97392,35.78955],[138.97424,35.78918],[138.97452,35.78896],[138.9748,35.78874],[138.97506,35.78851]],[[138.97285,35.79473],[138.97296,35.79463],[138.97367,35.79417],[138.97393,35.79398],[138.97411,35.79376],[138.97436,35.7937],[138.97497,35.79307],[138.97505,35.79293],[138.9747,35.79264],[138.97419,35.79221],[138.97361,35.79189],[138.97362,35.79147],[138.97412,35.79094],[138.9744,35.79044],[138.97437,35.78972],[138.97506,35.78851],[138.97607,35.78741],[138.97645,35.78689],[138.97667,35.78647]],[[138.97667,35.78647],[138.97694,35.7863],[138.9776,35.78601],[138.97757,35.78626],[138.9767,35.78723],[138.97664,35.78737],[138.97671,35.78744],[138.97687,35.78734],[138.97776,35.78662],[138.97865,35.78609],[138.97955,35.78571],[138.98008,35.7859],[138.9806,35.78607],[138.98105,35.78595],[138.98119,35.78597],[138.98119,35.78607],[138.98077,35.78622],[138.9807,35.78631],[138.9808,35.78638],[138.98133,35.78622],[138.98188,35.78566],[138.98245,35.78507],[138.98274,35.78486],[138.98289,35.78491],[138.98284,35.78503],[138.98223,35.78558],[138.98202,35.78593],[138.98211,35.78602],[138.98227,35.78597],[138.98252,35.78561],[138.98271,35.78552],[138.98318,35.78532],[138.9835,35.78523],[138.98388,35.7852],[138.98417,35.78505],[138.98395,35.7841],[138.98404,35.78358],[138.98554,35.78235],[138.98559,35.78199],[138.98553,35.78142],[138.98559,35.78119],[138.9855,35.7811]],[[138.97719,35.78614],[138.97717,35.78605],[138.97774,35.78561],[138.97818,35.78504],[138.97835,35.78441],[138.97871,35.78401],[138.97911,35.78352],[138.97914,35.7832]],[[138.97914,35.7832],[138.97917,35.78304],[138.9795,35.78274],[138.97959,35.78248],[138.97946,35.78198],[138.97975,35.78163],[138.98015,35.78127],[138.98031,35.78092],[138.98036,35.78059],[138.98067,35.78033],[138.98092,35.78006],[138.98158,35.77956],[138.98221,35.77946],[138.98266,35.77949]],[[138.98266,35.77949],[138.98283,35.7795],[138.98329,35.77957],[138.98361,35.77985],[138.98414,35.78034],[138.98458,35.78049]],[[138.98458,35.78049],[138.98449,35.78039],[138.98423,35.77975],[138.98426,35.77969]],[[138.95865,35.83211],[138.95865,35.832],[138.95867,35.83177],[138.95865,35.8316],[138.95867,35.83149],[138.95884,35.83111],[138.95882,35.83092],[138.95889,35.8308],[138.95919,35.8308],[138.95951,35.83064],[138.95975,35.83043],[138.95988,35.83015],[138.95988,35.83001],[138.95991,35.82988],[138.96008,35.82972],[138.95977,35.82943],[138.95975,35.82906],[138.95981,35.82875],[138.95969,35.82847],[138.95962,35.82802],[138.95952,35.82761],[138.95946,35.8273],[138.95949,35.82721]],[[138.95949,35.82721],[138.95951,35.82715],[138.95978,35.82694],[138.95997,35.82677],[138.96009,35.82646],[138.96028,35.82613],[138.96037,35.82587],[138.96039,35.82541],[138.96051,35.82512],[138.96099,35.82503],[138.96142,35.82508],[138.9617,35.8251],[138.96223,35.82514],[138.96276,35.82513],[138.96265,35.82566],[138.96258,35.82586],[138.96271,35.82614],[138.96271,35.82653],[138.96293,35.82678],[138.96364,35.82648],[138.9644,35.82629],[138.96478,35.82651],[138.96491,35.8269],[138.96525,35.82685],[138.96549,35.82668]]]},"properties":{"name":"鴨沢〜雲取山","area":"okutama"}},{"type":"Feature","geometry":{"type":"MultiLineString","coordinates":[[[139.2058,35.43133],[139.20594,35.4313],[139.20608,35.43122],[139.20629,35.43106],[139.2065,35.43097],[139.20669,35.43074],[139.20691,35.43047],[139.20722,35.43027],[139.20741,35.43017]],[[139.20573,35.43137],[139.2058,35.43133]],[[139.16353,35.45377],[139.16357,35.45375],[139.164,35.45361],[139.16425,35.4536],[139.16471,35.45369],[139.16539,35.4537],[139.16659,35.4534],[139.16747,35.45331],[139.16813,35.45323],[139.16916,35.45299],[139.16974,35.45309],[139.17054,35.45304],[139.17107,35.45295],[139.17156,35.45302],[139.17173,35.45301],[139.17216,35.4528],[139.17266,35.45275],[139.17328,35.45274],[139.17403,35.45242],[139.17477,35.45185],[139.17564,35.45163],[139.17619,35.45159],[139.17677,35.45166],[139.17696,35.45167],[139.17707,35.45095],[139.17726,35.45041],[139.17741,35.44991],[139.17767,35.44918],[139.17804,35.4485],[139.17847,35.44799],[139.17892,35.44743],[139.17919,35.44725],[139.17936,35.447],[139.18011,35.44672],[139.1808,35.44611],[139.18102,35.4459],[139.18187,35.44549],[139.18223,35.44541],[139.18232,35.44498],[139.18265,35.44413],[139.18312,35.44373],[139.18325,35.44316],[139.18382,35.44271],[139.18425,35.44203],[139.18486,35.4416],[139.18527,35.44063],[139.18526,35.44001],[139.18543,35.43962],[139.18559,35.4396],[139.18672,35.43988],[139.18752,35.44004],[139.18839,35.44002],[139.18935,35.43959],[139.18978,35.43932],[139.19019,35.43925],[139.1908,35.4391],[139.19145,35.43892],[139.19155,35.43762],[139.19162,35.43699],[139.19153,35.43667],[139.19182,35.43638],[139.19234,35.43568],[139.19312,35.43509],[139.19395,35.43483],[139.19474,35.43454],[139.19527,35.43428],[139.19561,35.43402],[139.19636,35.43442],[139.1969,35.43433],[139.19721,35.43406],[139.19752,35.43392],[139.19815,35.43379],[139.19914,35.43391],[139.1997,35.43376],[139.2007,35.43363],[139.20109,35.43311],[139.20188,35.43266],[139.20234,35.43243],[139.20266,35.43241],[139.20281,35.43214],[139.20365,35.43187],[139.20406,35.43166],[139.20449,35.4316],[139.20503,35.43162],[139.20566,35.43146],[139.20573,35.43137]]]},"properties":{"name":"表尾根縦走路（ヤビツ峠〜塔ノ岳）","area":"tanzawa"}},{"type":"Feature","geometry":{"type":"MultiLineString","coordinates":[[[139.27122,35.48951],[139.27116,35.48939],[139.27111,35.48929]],[[139.27126,35.48957],[139.27122,35.48951]],[[139.27203,35.48976],[139.27192,35.48972],[139.27131,35.48961],[139.27126,35.48957]],[[139.27193,35.49083],[139.27191,35.4904],[139.27195,35.49],[139.27203,35.48976]],[[139.27193,35.49083],[139.27193,35.49111],[139.27153,35.49208],[139.27125,35.49227],[139.27101,35.49239],[139.27074,35.49269],[139.27056,35.49311],[139.27037,35.4933],[139.2698,35.49362],[139.26943,35.49404],[139.2693,35.4944],[139.26939,35.49461],[139.26969,35.49491],[139.26972,35.495],[139.26953,35.4953],[139.26895,35.49597],[139.2687,35.49628]],[[139.2687,35.49628],[139.26863,35.49633]],[[139.26863,35.49633],[139.2686,35.49637],[139.26835,35.49658]],[[139.26835,35.49658],[139.26819,35.49672],[139.26806,35.49703],[139.26791,35.49729],[139.26759,35.49753],[139.26727,35.49764],[139.26705,35.49776],[139.26669,35.49824],[139.26637,35.49838],[139.26603,35.49899],[139.26554,35.49964],[139.26492,35.50023],[139.26441,35.50047],[139.26415,35.50068],[139.2638,35.5011],[139.26374,35.50122],[139.26382,35.50128]],[[139.26382,35.50128],[139.26387,35.5013],[139.26437,35.50106],[139.26468,35.50093],[139.26559,35.50091],[139.26574,35.5009],[139.26581,35.50085],[139.26585,35.50071],[139.26593,35.5006],[139.26649,35.50026],[139.26663,35.50025],[139.26683,35.50035],[139.26696,35.50037],[139.26716,35.50035],[139.26731,35.50024],[139.26753,35.4999],[139.26767,35.49984]],[[139.27221,35.50315],[139.27218,35.50313],[139.27212,35.5028],[139.27215,35.50223],[139.27201,35.50171],[139.27185,35.50148],[139.27165,35.50132],[139.27148,35.50118],[139.27138,35.5009],[139.2711,35.50076],[139.2707,35.50093],[139.27054,35.50079],[139.27032,35.50067],[139.26993,35.50068],[139.26979,35.50029],[139.26954,35.50012],[139.26902,35.50008],[139.26881,35.49987],[139.26863,35.49995],[139.26852,35.50023],[139.26808,35.49998],[139.26767,35.49984]],[[139.27232,35.50318],[139.27221,35.50315]],[[139.26937,35.50692],[139.26948,35.50673],[139.26964,35.50652],[139.27046,35.50603],[139.27084,35.50596],[139.27118,35.5059],[139.27155,35.50578],[139.27171,35.50583],[139.27219,35.50618],[139.27234,35.50619],[139.27247,35.50613],[139.27274,35.50573],[139.27287,35.50559],[139.27302,35.50557],[139.27326,35.50567],[139.27346,35.50567],[139.27359,35.50559],[139.27367,35.50547],[139.2737,35.50507],[139.27378,35.50495],[139.27391,35.50485],[139.27389,35.5047],[139.27368,35.5043],[139.27365,35.50415],[139.27385,35.50408],[139.27439,35.50402],[139.27471,35.50414],[139.27534,35.50439],[139.27561,35.50435],[139.27574,35.50427],[139.27577,35.50413],[139.27565,35.50355],[139.27559,35.50333],[139.27565,35.50323],[139.276,35.5031],[139.27644,35.50292],[139.2765,35.5028],[139.27647,35.50267],[139.27621,35.50259],[139.27563,35.50246],[139.27517,35.50213],[139.27479,35.50187],[139.27461,35.50171],[139.27461,35.50152],[139.27455,35.50125],[139.2745,35.50101],[139.27439,35.50098],[139.27434,35.50106],[139.27443,35.50131],[139.27445,35.50154],[139.2743,35.50166],[139.27419,35.50175],[139.27414,35.50189],[139.2742,35.50205],[139.27446,35.50223],[139.27466,35.5025],[139.2746,35.50271],[139.27432,35.50288],[139.27411,35.50294],[139.27382,35.50286],[139.2732,35.50257],[139.27302,35.50255],[139.27281,35.50296],[139.27261,35.50315],[139.27237,35.50318],[139.27232,35.50318]],[[139.26917,35.50707],[139.26926,35.50702],[139.26933,35.50697],[139.26937,35.50692]],[[139.2672,35.50653],[139.26742,35.50641],[139.26767,35.50634],[139.2681,35.50641],[139.26845,35.50669],[139.26867,35.5068],[139.26899,35.50694],[139.26917,35.50707]],[[139.26349,35.51025],[139.26351,35.51021],[139.26389,35.50982],[139.26452,35.50917],[139.26531,35.5081],[139.26598,35.50763],[139.26642,35.50727],[139.26705,35.50677],[139.2672,35.50653]],[[139.26349,35.51025],[139.26356,35.5103],[139.26383,35.51069],[139.26406,35.51084],[139.26418,35.51108],[139.2642,35.51114]],[[139.2642,35.51114],[139.26418,35.51121]],[[139.26418,35.51121],[139.26418,35.51133],[139.26412,35.51173],[139.26402,35.51264],[139.26391,35.51284],[139.264,35.51307],[139.26416,35.51314],[139.26432,35.51331],[139.26436,35.51367],[139.26403,35.5141],[139.26382,35.51433],[139.26365,35.51483],[139.26349,35.51541],[139.26325,35.51584],[139.26314,35.51618],[139.26297,35.51638],[139.26263,35.51678],[139.26233,35.51723],[139.26205,35.51752],[139.26186,35.51775],[139.26185,35.51807],[139.26171,35.51822],[139.26169,35.51832],[139.26162,35.51841]],[[139.26162,35.51841],[139.26158,35.51844],[139.26152,35.51847],[139.26148,35.51851]],[[139.26148,35.51851],[139.26146,35.51855],[139.26111,35.51863],[139.26074,35.51894],[139.26034,35.51922],[139.25961,35.51954],[139.25923,35.51974],[139.25883,35.51995],[139.25862,35.5201]],[[139.25862,35.5201],[139.25853,35.5202],[139.25836,35.52028],[139.25818,35.52047]],[[139.25818,35.52055],[139.25818,35.52047]],[[139.2595,35.52452],[139.25948,35.5245],[139.25943,35.52429],[139.2593,35.52382],[139.25929,35.52331],[139.25951,35.52283],[139.25966,35.52254],[139.25963,35.52225],[139.25907,35.52165],[139.25878,35.52144],[139.25857,35.52119],[139.25838,35.52109],[139.25823,35.52092],[139.2582,35.52066],[139.25818,35.52055]],[[139.26104,35.5279],[139.26108,35.52786],[139.26118,35.5277],[139.2612,35.5276],[139.26128,35.52751],[139.26133,35.52736],[139.26137,35.52716],[139.26132,35.52702],[139.26128,35.52688],[139.26122,35.52666],[139.26119,35.5266],[139.26109,35.52667],[139.26106,35.52668],[139.26103,35.5267],[139.26095,35.52689],[139.26081,35.52697],[139.2607,35.52701],[139.26055,35.52683],[139.2605,35.52669],[139.26036,35.52655],[139.26027,35.52638],[139.26024,35.52596],[139.26023,35.52573],[139.26012,35.52559],[139.26002,35.52554],[139.25996,35.52537],[139.25984,35.52521],[139.25975,35.52515],[139.25964,35.52504],[139.2596,35.52493],[139.25955,35.52478],[139.2595,35.52471],[139.25946,35.52465],[139.25948,35.52456],[139.2595,35.52452]],[[139.26075,35.52976],[139.26074,35.52974],[139.26071,35.52966],[139.26065,35.5294],[139.26063,35.52907],[139.26058,35.52872],[139.26052,35.52836],[139.26056,35.52822],[139.26052,35.52814],[139.26085,35.52796],[139.26104,35.5279]],[[139.26071,35.52987],[139.2607,35.52982],[139.26071,35.52979],[139.26075,35.52976]],[[139.2608,35.52985],[139.26078,35.52986],[139.26075,35.52987],[139.26071,35.52987]],[[139.26175,35.53272],[139.26183,35.5327],[139.26224,35.53269],[139.26266,35.53267],[139.26263,35.53262],[139.26258,35.53249],[139.26261,35.53227],[139.2628,35.532],[139.263,35.53185],[139.2631,35.5317],[139.26318,35.53138],[139.26313,35.53125],[139.26319,35.53124],[139.26308,35.53112],[139.26294,35.53105],[139.26283,35.53099],[139.26277,35.53099],[139.26281,35.53106],[139.26276,35.53113],[139.26267,35.53122],[139.26258,35.5312],[139.26244,35.53107],[139.26225,35.53096],[139.26206,35.53077],[139.26192,35.53059],[139.26174,35.53048],[139.2615,35.53041],[139.26131,35.53034],[139.26122,35.5302],[139.26101,35.52995],[139.26096,35.5299],[139.26095,35.52996],[139.26088,35.52998],[139.26081,35.52988],[139.2608,35.52985]],[[139.26163,35.53274],[139.26173,35.53271],[139.26175,35.53272]],[[139.26163,35.53274],[139.26164,35.53276],[139.26188,35.533],[139.26228,35.53344],[139.26257,35.53371],[139.26297,35.53409],[139.26308,35.53432],[139.26331,35.53442],[139.26358,35.53451],[139.2639,35.53465],[139.2642,35.5347],[139.26431,35.53492],[139.26445,35.53499]],[[139.26445,35.53499],[139.26445,35.53507],[139.26458,35.53548],[139.26489,35.53576],[139.26501,35.53595],[139.26518,35.53626],[139.26546,35.53642],[139.2661,35.53693],[139.26653,35.53726],[139.26669,35.5375],[139.26692,35.53765],[139.26697,35.53787],[139.26705,35.53822],[139.26747,35.5385],[139.26767,35.53863]],[[139.26767,35.53863],[139.26776,35.53879],[139.26786,35.53905],[139.26806,35.53941],[139.26833,35.53998]],[[139.26833,35.53998],[139.26842,35.54026]],[[139.26842,35.54026],[139.26844,35.54034],[139.26852,35.5406]],[[139.26852,35.5406],[139.26846,35.54081],[139.26838,35.54127],[139.26839,35.54156],[139.26825,35.54169],[139.26814,35.54189],[139.26821,35.5421],[139.26821,35.54225]],[[139.26821,35.54225],[139.26812,35.5424],[139.26769,35.54255],[139.26763,35.54273],[139.26767,35.54303]],[[139.26767,35.54303],[139.26767,35.5431],[139.26766,35.54315]],[[139.26628,35.54411],[139.26646,35.54412],[139.26686,35.54414],[139.26708,35.54383],[139.26754,35.54368],[139.26771,35.54353],[139.26766,35.54315]],[[139.26597,35.54417],[139.26598,35.54414],[139.2661,35.54409],[139.26628,35.54411]],[[139.26585,35.54444],[139.26597,35.54417]],[[139.26583,35.5445],[139.26585,35.54444]],[[139.26583,35.5445],[139.26502,35.54448]],[[139.26502,35.54448],[139.26504,35.54454],[139.26529,35.54482],[139.26638,35.54525],[139.26649,35.54532]]]},"properties":{"name":"関東ふれあいの道・丹沢山塊東辺（煤ヶ谷）","area":"tanzawa"}},{"type":"Feature","geometry":{"type":"MultiLineString","coordinates":[[[139.06913,36.08333],[139.06914,36.08325]],[[139.06914,36.08325],[139.06912,36.08295]],[[139.06912,36.08295],[139.0692,36.08271],[139.06945,36.0826],[139.07001,36.08253],[139.07027,36.08244]],[[139.07027,36.08244],[139.07035,36.08236],[139.07031,36.08205],[139.07006,36.08174]],[[139.07006,36.08174],[139.06998,36.08145],[139.06966,36.08114],[139.06926,36.08077],[139.06961,36.08074]],[[139.06926,36.08077],[139.06908,36.08058],[139.06826,36.0796],[139.06766,36.07929],[139.06703,36.07919],[139.0668,36.07925],[139.06677,36.0793]],[[139.06677,36.0793],[139.06677,36.07948],[139.06693,36.08011],[139.0669,36.0803],[139.06676,36.08035],[139.06662,36.08035],[139.06616,36.08019],[139.06574,36.08002],[139.06537,36.07989]],[[139.06537,36.07989],[139.06515,36.07981],[139.06477,36.07943],[139.06459,36.07909],[139.06424,36.079],[139.06409,36.07925]],[[139.06238,36.0768],[139.06257,36.0769],[139.06277,36.07718],[139.06298,36.07764],[139.06343,36.07798],[139.06404,36.07821],[139.06421,36.07844],[139.06403,36.0788],[139.06406,36.07908],[139.06409,36.07925]],[[139.05758,36.07587],[139.0578,36.07606],[139.05837,36.07631],[139.0591,36.07653],[139.05957,36.07666],[139.05999,36.07648],[139.06036,36.07623],[139.06075,36.07605],[139.06126,36.07621],[139.06169,36.07653],[139.06222,36.07675],[139.06238,36.0768]],[[139.05111,36.07353],[139.05113,36.07352],[139.05164,36.07322],[139.05232,36.07295],[139.05314,36.07257],[139.05366,36.07254],[139.0543,36.07263],[139.05575,36.07299],[139.05678,36.07358],[139.05706,36.07394],[139.05664,36.0745],[139.05674,36.07498],[139.05713,36.07556],[139.05758,36.07587]],[[139.05111,36.07353],[139.05107,36.07361],[139.05119,36.07415],[139.05137,36.07442],[139.0517,36.07455],[139.05208,36.07462],[139.05238,36.07461],[139.05259,36.07431],[139.05267,36.07424],[139.05283,36.07428],[139.05316,36.0746],[139.05323,36.07473],[139.05327,36.07497],[139.05336,36.07553],[139.05339,36.07588],[139.05347,36.076],[139.05353,36.07615],[139.05355,36.07665],[139.05369,36.0771],[139.05393,36.07771],[139.05395,36.0782],[139.05391,36.07849],[139.05395,36.07873],[139.05408,36.07901],[139.05405,36.07924],[139.05393,36.07941],[139.05395,36.0797],[139.054,36.08002],[139.05393,36.08029],[139.0539,36.08048],[139.05367,36.08064]],[[139.05367,36.08064],[139.05356,36.0807],[139.05346,36.08081],[139.05363,36.08126],[139.05368,36.08154],[139.05357,36.08191],[139.05336,36.08226],[139.05323,36.08246],[139.05316,36.08288],[139.05316,36.08299]]]},"properties":{"name":"丸山・芦ヶ久保コース","area":"chichibu"}},{"type":"Feature","geometry":{"type":"MultiLineString","coordinates":[[[139.16542,35.40692],[139.16536,35.40699],[139.16482,35.40802],[139.16463,35.40852],[139.16375,35.40882],[139.16361,35.40917],[139.16378,35.40988],[139.16357,35.41011],[139.16304,35.41048],[139.16239,35.41101],[139.16204,35.41134],[139.16176,35.41162],[139.16196,35.41199],[139.16188,35.41255],[139.16167,35.41299],[139.16233,35.41359],[139.16226,35.41426],[139.16232,35.41477],[139.16234,35.41511],[139.162,35.41495],[139.16163,35.41435],[139.16114,35.41417],[139.16056,35.41375],[139.16029,35.41393],[139.16015,35.41437],[139.16013,35.41464],[139.16046,35.41453],[139.16112,35.41564],[139.16167,35.41619],[139.16184,35.41686],[139.16192,35.41738],[139.16216,35.41837]],[[139.16216,35.41837],[139.16219,35.41855],[139.16206,35.41925],[139.16219,35.41985],[139.16239,35.42031],[139.16294,35.42132],[139.16368,35.42221],[139.16462,35.4228],[139.16521,35.42327],[139.16558,35.42383],[139.16632,35.42493],[139.16677,35.42611],[139.16665,35.42733],[139.16668,35.42781],[139.16633,35.42801],[139.16558,35.42854],[139.16474,35.42956],[139.16434,35.43032],[139.16373,35.43115],[139.16373,35.43203],[139.16407,35.43255],[139.16374,35.43321],[139.16366,35.43374],[139.16369,35.43444],[139.16352,35.43497],[139.16323,35.43578],[139.16242,35.43641]],[[139.16242,35.43641],[139.16237,35.43647],[139.16219,35.43755],[139.16254,35.43841],[139.16333,35.43968],[139.16325,35.44005]],[[139.16331,35.4399],[139.1632,35.44016],[139.16229,35.44212],[139.1625,35.44352],[139.16273,35.44483],[139.16256,35.446],[139.16232,35.44657],[139.16187,35.44706],[139.16172,35.4482],[139.16165,35.44903],[139.16092,35.44982],[139.16115,35.45016],[139.16103,35.45039],[139.16103,35.45074],[139.16135,35.45116],[139.16181,35.4515],[139.162,35.45192],[139.16224,35.45227],[139.16239,35.4528],[139.16294,35.45326],[139.16335,35.45379],[139.16316,35.45425],[139.1632,35.4544]]]},"properties":{"name":"大倉尾根（大倉〜塔ノ岳）","area":"tanzawa"}},{"type":"Feature","geometry":{"type":"MultiLineString","coordinates":[[[138.94626,35.93539],[138.94634,35.93514],[138.94605,35.93456],[138.94546,35.93401],[138.9449,35.9338],[138.94455,35.93356],[138.94417,35.93361],[138.94329,35.93355],[138.94277,35.93326],[138.94253,35.93284],[138.94223,35.93274],[138.94216,35.93226],[138.94188,35.9319],[138.94138,35.93157],[138.94124,35.93131],[138.9415,35.93092],[138.94156,35.93042],[138.94122,35.93057],[138.94085,35.93056],[138.94055,35.93031],[138.94025,35.92997],[138.93985,35.92966],[138.93932,35.92997],[138.93897,35.92984],[138.93845,35.92952],[138.93818,35.92925],[138.9382,35.92881],[138.93788,35.92867],[138.93744,35.92858],[138.9372,35.92811],[138.93696,35.92808],[138.93667,35.92768],[138.93625,35.92801],[138.936,35.92755],[138.93592,35.92713],[138.93568,35.92686],[138.93498,35.92655],[138.93463,35.92657],[138.93426,35.92645],[138.93388,35.92647],[138.93365,35.92644],[138.93312,35.92645],[138.93226,35.92636],[138.93164,35.92647],[138.93123,35.92657],[138.93083,35.92671],[138.93051,35.92617],[138.93041,35.92609]],[[138.93279,35.92577],[138.93279,35.9259],[138.93297,35.92606],[138.93334,35.92624],[138.93357,35.92634],[138.93365,35.92644]],[[138.94962,35.93628],[138.94955,35.93627],[138.9481,35.93616],[138.94776,35.93602],[138.94751,35.93597],[138.94723,35.93577],[138.94678,35.93559],[138.94644,35.93545],[138.94626,35.93539]],[[138.93232,35.92461],[138.93238,35.92463],[138.93234,35.92475],[138.93238,35.92511],[138.93264,35.92515],[138.93301,35.92529]]]},"properties":{"name":"三峯神社表参道（大輪〜三峯神社）","area":"chichibu"}},{"type":"Feature","geometry":{"type":"MultiLineString","coordinates":[[[139.15328,35.78997],[139.15339,35.78975],[139.15335,35.78962],[139.15333,35.78939],[139.15324,35.78917],[139.15321,35.78904],[139.15311,35.7889],[139.15293,35.78861],[139.15282,35.78855],[139.15272,35.78853],[139.15248,35.78861],[139.15225,35.7886],[139.15173,35.78867],[139.15163,35.78863],[139.15135,35.78842],[139.15133,35.78835],[139.15142,35.78825],[139.15146,35.78813],[139.15143,35.78805],[139.15103,35.78759],[139.15088,35.7873],[139.15092,35.78717],[139.15107,35.78694],[139.15108,35.7869]],[[139.15118,35.78621],[139.15117,35.78622],[139.15107,35.78625],[139.15103,35.78641],[139.15094,35.7866],[139.15097,35.78667],[139.15103,35.78677],[139.15108,35.7869]],[[139.15159,35.78603],[139.15158,35.78605],[139.15149,35.78623],[139.15123,35.7861],[139.15118,35.78621]],[[139.15192,35.78429],[139.15185,35.78439],[139.15199,35.78454],[139.15194,35.78497],[139.15182,35.78523],[139.1518,35.78545],[139.15178,35.78582],[139.15174,35.78594],[139.15159,35.78603]],[[139.15192,35.78429],[139.15196,35.78421],[139.15207,35.784],[139.15207,35.78393],[139.15194,35.78381],[139.15141,35.78397]],[[139.15141,35.78397],[139.15137,35.78397]],[[139.15137,35.78397],[139.15131,35.78395]],[[139.15131,35.78395],[139.15127,35.78394]],[[139.15127,35.78394],[139.15106,35.78388]],[[139.15106,35.78388],[139.15095,35.78385],[139.15091,35.78384]],[[139.15091,35.78384],[139.15092,35.78383]],[[139.15092,35.78383],[139.15094,35.78378],[139.15094,35.78365],[139.15091,35.78362]],[[139.15091,35.78362],[139.15081,35.7835]],[[139.15081,35.7835],[139.15081,35.7835]],[[139.15081,35.7835],[139.15086,35.78346],[139.15079,35.78328],[139.15069,35.78311],[139.15074,35.78294],[139.15089,35.7827],[139.15083,35.78251],[139.15066,35.7824]],[[139.15035,35.78294],[139.15042,35.78294],[139.15047,35.78278],[139.15063,35.78281],[139.15073,35.78263],[139.15066,35.7824]],[[139.15036,35.78297],[139.15035,35.78294]],[[139.15054,35.78327],[139.15052,35.78325],[139.15045,35.78312],[139.15036,35.78297]],[[139.1508,35.78345],[139.15071,35.78336],[139.15054,35.78327]],[[139.15081,35.7835],[139.1508,35.78345]],[[139.15071,35.78355],[139.15079,35.78351],[139.15081,35.7835]],[[139.15113,35.78407],[139.15089,35.78397],[139.15082,35.78393],[139.15083,35.78374],[139.15071,35.78355]],[[139.15141,35.78397],[139.15139,35.78401],[139.15113,35.78407]],[[139.15113,35.78463],[139.15108,35.78457],[139.15118,35.78438],[139.1511,35.78425],[139.1514,35.78417],[139.15146,35.7841],[139.15141,35.78397]],[[139.15133,35.78591],[139.15136,35.7859],[139.15135,35.78585],[139.15106,35.78571],[139.15102,35.78535],[139.15094,35.78522],[139.15087,35.78502],[139.15074,35.78486],[139.1507,35.78475],[139.15073,35.78467],[139.15109,35.78464],[139.15113,35.78463]],[[139.15118,35.78621],[139.15117,35.78617],[139.15124,35.78597],[139.15133,35.78591]],[[139.15035,35.78294],[139.15034,35.78292]],[[139.15034,35.78292],[139.15034,35.78281]],[[139.15034,35.78281],[139.15034,35.78279]],[[139.15034,35.78279],[139.15031,35.78279]],[[139.15031,35.78279],[139.15025,35.7828]],[[139.15025,35.7828],[139.15022,35.7828],[139.15019,35.7828]],[[139.15019,35.7828],[139.15011,35.78281]],[[139.15011,35.78281],[139.15006,35.78281]],[[139.15066,35.7824],[139.15058,35.78237],[139.15038,35.78225],[139.1502,35.78205],[139.15014,35.78197]],[[139.15014,35.78197],[139.15011,35.78196],[139.14996,35.78201],[139.1497,35.7821],[139.14931,35.7821],[139.14875,35.78195],[139.14851,35.78187],[139.1481,35.78193],[139.14777,35.78194],[139.14766,35.78185],[139.14762,35.7816],[139.14753,35.7811],[139.14737,35.78089],[139.14712,35.78064],[139.14694,35.78061],[139.14673,35.7806],[139.14648,35.78066],[139.14605,35.78083],[139.14585,35.78078],[139.1455,35.78031],[139.145,35.78013],[139.14422,35.78],[139.1442,35.77892],[139.14484,35.77791],[139.1448,35.77778],[139.14382,35.77751],[139.14315,35.77732],[139.14239,35.77671],[139.14238,35.7767]],[[139.14238,35.7767],[139.14236,35.77666]],[[139.14236,35.77666],[139.14236,35.77664],[139.14251,35.77636],[139.14254,35.77596],[139.14212,35.77514],[139.14196,35.77478]],[[139.14196,35.77478],[139.142,35.77471]],[[139.142,35.77471],[139.14202,35.77468],[139.14195,35.77428],[139.14175,35.77393],[139.1412,35.77384],[139.1405,35.77306],[139.14004,35.77254]],[[139.13905,35.77194],[139.13918,35.77212],[139.14004,35.77254]],[[139.13743,35.77197],[139.1375,35.77199],[139.138,35.77187],[139.13846,35.77183],[139.13892,35.77195],[139.13905,35.77194]],[[139.13743,35.77197],[139.13695,35.77169],[139.13655,35.77119],[139.13636,35.77073],[139.1362,35.77056]],[[139.1362,35.77056],[139.13615,35.77052],[139.13582,35.77008],[139.13549,35.76966],[139.13529,35.76937],[139.13501,35.76903],[139.13485,35.76863]],[[139.13485,35.76863],[139.13485,35.76861],[139.13495,35.76832],[139.13514,35.76806],[139.13518,35.76797],[139.13513,35.76787],[139.13487,35.76775],[139.13465,35.7676],[139.13448,35.76734],[139.1345,35.76704],[139.13445,35.76686],[139.13456,35.7667],[139.13461,35.76661],[139.13452,35.76641],[139.13446,35.76602],[139.13471,35.7658],[139.13471,35.76562],[139.13454,35.76558],[139.13412,35.76569],[139.13366,35.76568],[139.13359,35.76561]],[[139.13359,35.76561],[139.13338,35.76548],[139.13303,35.76506],[139.13269,35.76501],[139.13247,35.76515],[139.13238,35.76537],[139.13157,35.76553],[139.13125,35.76493]],[[139.13125,35.76493],[139.13111,35.76492],[139.13058,35.76507],[139.13035,35.76519]],[[139.14714,35.7753],[139.1469,35.77534],[139.14672,35.77539],[139.14644,35.77543],[139.14619,35.77532],[139.14605,35.77561],[139.14602,35.77584],[139.14579,35.7761],[139.14575,35.77628],[139.14529,35.77641],[139.14498,35.77653],[139.14467,35.77673],[139.14451,35.77704],[139.14427,35.77692],[139.144,35.77666],[139.1438,35.77636],[139.14328,35.77619],[139.1428,35.77635],[139.14245,35.77586]],[[139.14719,35.77534],[139.14714,35.7753]],[[139.14805,35.77875],[139.14801,35.77866],[139.14789,35.77831],[139.14747,35.77835],[139.14723,35.77809],[139.14737,35.77797],[139.14746,35.77789],[139.1476,35.77755],[139.14798,35.77705],[139.14813,35.77677],[139.14805,35.77625],[139.14815,35.77606],[139.14803,35.77584],[139.14805,35.77561],[139.14789,35.77547],[139.14764,35.77536],[139.14719,35.77534]],[[139.14822,35.77889],[139.14816,35.77878],[139.14805,35.77875]],[[139.14822,35.77889],[139.14803,35.77892]],[[139.14826,35.78121],[139.14824,35.78111],[139.14823,35.78087],[139.14831,35.78064],[139.14834,35.78054],[139.14832,35.78044],[139.14825,35.78031],[139.14823,35.7802],[139.14811,35.78007],[139.14805,35.78001],[139.14802,35.77996],[139.14804,35.77994],[139.148,35.7799],[139.14802,35.77986],[139.14797,35.77983],[139.14799,35.7798],[139.14799,35.77976],[139.14786,35.77977],[139.14763,35.77965],[139.14733,35.77932],[139.14779,35.77903],[139.14803,35.77892]],[[139.15007,35.78191],[139.15003,35.78192],[139.14973,35.78199],[139.14949,35.78199],[139.1492,35.78189],[139.14875,35.7816],[139.14848,35.78151],[139.14834,35.78137],[139.14826,35.78121]],[[139.15012,35.78195],[139.15011,35.78193],[139.15009,35.78192],[139.15007,35.78191]],[[139.15014,35.78197],[139.15012,35.78195]]]},"properties":{"name":"大岳山周回（鋸山・御岳側）","area":"okutama"}},{"type":"Feature","geometry":{"type":"MultiLineString","coordinates":[[[139.31868,35.61155],[139.31843,35.61144],[139.31822,35.61118],[139.31844,35.61066],[139.3187,35.61024],[139.31872,35.61012]]]},"properties":{"name":"高尾山6号路（琵琶滝）","area":"okutama"}},{"type":"Feature","geometry":{"type":"MultiLineString","coordinates":[[[139.26699,35.63102],[139.26701,35.63096]],[[139.25708,35.62593],[139.25709,35.62588],[139.2567,35.62581],[139.25597,35.62582],[139.25499,35.62545],[139.25434,35.6249],[139.25366,35.62451],[139.25324,35.62411],[139.25306,35.62389],[139.25286,35.62357]],[[139.24669,35.62186],[139.24657,35.62184],[139.24577,35.62169],[139.24489,35.62195],[139.24423,35.62192],[139.24385,35.62215],[139.24355,35.62256],[139.2434,35.62282],[139.24367,35.62315]],[[139.26523,35.62898],[139.26515,35.62898],[139.2646,35.62898],[139.26372,35.62918],[139.26302,35.62906],[139.2625,35.62856],[139.26201,35.62805],[139.26163,35.62781],[139.26105,35.62752]],[[139.24367,35.62315],[139.24364,35.62324],[139.24364,35.62357]],[[139.24728,35.62174],[139.24702,35.62189],[139.2468,35.62187],[139.24669,35.62186]],[[139.24835,35.62136],[139.24818,35.62141],[139.24742,35.62167]],[[139.24891,35.62124],[139.24848,35.62132],[139.24835,35.62136]],[[139.24914,35.62125],[139.24898,35.62123],[139.24891,35.62124]],[[139.24993,35.62144],[139.24969,35.62138],[139.24933,35.62128],[139.24923,35.62127]],[[139.24923,35.62127],[139.24914,35.62125]],[[139.25034,35.62147],[139.2501,35.62146],[139.24993,35.62144]],[[139.25057,35.62161],[139.25053,35.62159],[139.25034,35.62147]],[[139.25248,35.62269],[139.25222,35.6224],[139.25148,35.62194],[139.25057,35.62161]],[[139.25286,35.62357],[139.25277,35.62345],[139.25248,35.62269]],[[139.25721,35.62625],[139.25719,35.62622]],[[139.25745,35.62698],[139.25743,35.62686],[139.25745,35.62644],[139.25721,35.62625]],[[139.25948,35.62744],[139.2592,35.62753],[139.25815,35.62739],[139.25752,35.62708],[139.25745,35.62698]],[[139.2602,35.62727],[139.26009,35.62734],[139.25965,35.62742],[139.25948,35.62744]],[[139.26046,35.62724],[139.26032,35.62723],[139.2602,35.62727]],[[139.26105,35.62752],[139.26089,35.62744],[139.2606,35.62728],[139.26046,35.62724]],[[139.26743,35.62998],[139.26741,35.62979],[139.26739,35.62948],[139.26702,35.6294],[139.26657,35.6293],[139.2662,35.62909]],[[139.2662,35.62909],[139.26612,35.62902],[139.26566,35.62896],[139.26523,35.62898]],[[139.26701,35.63096],[139.26702,35.63092]],[[139.26702,35.63092],[139.26696,35.63087],[139.26688,35.63081],[139.26689,35.63077]],[[139.26689,35.63077],[139.26692,35.63075],[139.26755,35.63086],[139.2677,35.63077],[139.26767,35.63068]],[[139.26767,35.63068],[139.26763,35.63059],[139.26741,35.63037],[139.26742,35.63022],[139.26743,35.62998]]]},"properties":{"name":"高尾山稲荷山コース","area":"okutama"}},{"type":"Feature","geometry":{"type":"MultiLineString","coordinates":[[[139.31983,35.61262],[139.32003,35.61257],[139.32089,35.61274],[139.32104,35.61275]]]},"properties":{"name":"高尾山2号路","area":"okutama"}},{"type":"Feature","geometry":{"type":"MultiLineString","coordinates":[[[139.31937,35.60973],[139.31941,35.60973],[139.31976,35.60973],[139.31961,35.60996],[139.31948,35.61042],[139.31936,35.61064],[139.31868,35.61155],[139.31863,35.61214],[139.31894,35.61257],[139.31965,35.61259],[139.31983,35.61262]]]},"properties":{"name":"高尾山3号路","area":"okutama"}},{"type":"Feature","geometry":{"type":"MultiLineString","coordinates":[[[139.31936,35.61064],[139.31936,35.61064],[139.31972,35.611],[139.32018,35.6112],[139.32037,35.61139],[139.32083,35.61157],[139.32113,35.6116],[139.32153,35.61162]]]},"properties":{"name":"高尾山4号路","area":"okutama"}},{"type":"Feature","geometry":{"type":"MultiLineString","coordinates":[[[139.16512,35.66533],[139.16526,35.66523],[139.16532,35.66502],[139.16511,35.66437],[139.16514,35.66368],[139.16542,35.66319],[139.16582,35.66309],[139.16623,35.66287],[139.16648,35.66229],[139.16724,35.66194],[139.16739,35.6617],[139.1672,35.66121],[139.16707,35.66048],[139.16704,35.65963],[139.16722,35.65929],[139.16781,35.65892],[139.16801,35.65881],[139.16808,35.65866],[139.16818,35.65864]],[[139.16158,35.66775],[139.16183,35.66753],[139.16213,35.66712],[139.16297,35.6668],[139.16362,35.66661],[139.164,35.66626],[139.16426,35.66569],[139.16468,35.66553],[139.16506,35.66537],[139.16512,35.66533]],[[139.1614,35.66776],[139.16132,35.66777],[139.16072,35.66774],[139.15959,35.66748],[139.15879,35.66713],[139.1581,35.6669],[139.15745,35.6666],[139.1571,35.66635],[139.15647,35.66644],[139.15575,35.66647],[139.15497,35.66623],[139.15356,35.66586]],[[139.14467,35.66817],[139.14494,35.66788],[139.14558,35.66736],[139.14613,35.66705],[139.14696,35.66673],[139.14857,35.66667],[139.15125,35.66662],[139.15184,35.66653],[139.15249,35.66637],[139.15286,35.66628],[139.15336,35.66603],[139.15356,35.66586]],[[139.12182,35.67883],[139.12236,35.67854],[139.12268,35.67818],[139.12316,35.67749],[139.1237,35.67737],[139.12426,35.67768],[139.12479,35.67762],[139.12541,35.67727],[139.12682,35.67675],[139.12759,35.67622],[139.1287,35.67524],[139.1289,35.67497]],[[139.1289,35.67497],[139.12897,35.67483],[139.12944,35.67426],[139.12954,35.67382],[139.12961,35.67369]],[[139.12961,35.67369],[139.12965,35.67363],[139.12994,35.67336],[139.13078,35.67235],[139.13093,35.67171]],[[139.13124,35.67187],[139.13126,35.67188],[139.13202,35.6723],[139.13299,35.67262],[139.1336,35.67274],[139.13424,35.67258],[139.13506,35.67237],[139.1356,35.67221],[139.13638,35.67231],[139.13664,35.67231],[139.137,35.67208],[139.13743,35.67168],[139.13803,35.6713],[139.13844,35.6709],[139.13889,35.67043],[139.13928,35.67033],[139.14024,35.6705],[139.14084,35.67045]],[[139.14084,35.67045],[139.14086,35.67045],[139.14142,35.67024],[139.14191,35.67012],[139.14245,35.66997],[139.14266,35.66992]],[[139.14279,35.66987],[139.14271,35.66969],[139.14278,35.66931],[139.14318,35.66886],[139.14424,35.6685],[139.14467,35.66817]],[[139.13093,35.67171],[139.13097,35.67176],[139.13124,35.67187]],[[139.12065,35.67949],[139.12077,35.6794],[139.12143,35.67915],[139.12182,35.67883]],[[139.1191,35.68071],[139.11919,35.68051],[139.11963,35.68001],[139.11999,35.67991],[139.12026,35.67981],[139.12065,35.67949]],[[139.11276,35.68492],[139.11297,35.68458],[139.11348,35.68428],[139.11387,35.68426],[139.11442,35.68419],[139.11535,35.6839],[139.11634,35.68373],[139.11685,35.68323],[139.11758,35.68259],[139.11821,35.68191],[139.11886,35.68137],[139.1191,35.68071]],[[139.10943,35.68856],[139.10992,35.68819],[139.11087,35.68746],[139.11114,35.68678],[139.11141,35.6864],[139.11244,35.6854],[139.11276,35.68492]],[[139.10038,35.69202],[139.10047,35.692],[139.10127,35.69187],[139.10258,35.69165],[139.10322,35.69152],[139.10403,35.69122],[139.10463,35.69102],[139.10531,35.69104],[139.10584,35.69107],[139.10688,35.69055],[139.1076,35.69028],[139.10831,35.68987],[139.10866,35.68938],[139.10943,35.68856]],[[139.09059,35.69107],[139.09101,35.69108],[139.0916,35.69149],[139.09209,35.69175],[139.09275,35.69183],[139.09387,35.69144],[139.09425,35.69149],[139.09491,35.69143],[139.09543,35.69118],[139.09596,35.69154],[139.0967,35.69211],[139.09723,35.69242],[139.09807,35.69236],[139.09889,35.69244],[139.09937,35.6924],[139.09971,35.69229],[139.10038,35.69202]],[[139.08463,35.69318],[139.08544,35.69321],[139.0859,35.69316],[139.08659,35.6926],[139.08754,35.692],[139.08827,35.69174],[139.0889,35.69165],[139.08926,35.69157],[139.09009,35.69119],[139.09059,35.69107]],[[139.08463,35.69318],[139.08439,35.69344],[139.08389,35.69413],[139.08352,35.69452],[139.08306,35.69469],[139.08244,35.69538],[139.08194,35.69566],[139.08111,35.69566],[139.08063,35.69573],[139.08003,35.6957],[139.07903,35.69576],[139.07815,35.6958],[139.07768,35.69566],[139.07672,35.69508],[139.07598,35.69498],[139.07553,35.69514],[139.07553,35.69514]],[[139.07553,35.69514],[139.07541,35.69524],[139.075,35.6956],[139.07465,35.69571],[139.07412,35.69562],[139.0734,35.69548],[139.07265,35.69559],[139.0724,35.69565]],[[139.07175,35.69642],[139.0717,35.69646],[139.07125,35.69704],[139.07075,35.69768],[139.07002,35.69783],[139.06915,35.69797],[139.0688,35.69805],[139.06769,35.69845],[139.06693,35.69847],[139.06652,35.69852],[139.06625,35.69822],[139.0658,35.69797],[139.06549,35.69825],[139.06523,35.69849],[139.06501,35.69885]],[[139.0724,35.69565],[139.07219,35.69573],[139.0718,35.69626],[139.07175,35.69642]],[[139.06501,35.69885],[139.06485,35.69895],[139.06374,35.69999]],[[139.06374,35.69999],[139.06351,35.70028],[139.06272,35.70084],[139.06234,35.70104],[139.06132,35.70145],[139.06071,35.70159],[139.06046,35.70163]],[[139.06046,35.70163],[139.06008,35.70181],[139.05952,35.70201],[139.05913,35.70205],[139.0585,35.70222]],[[139.0585,35.70222],[139.0584,35.70226],[139.05766,35.70273],[139.05737,35.70282],[139.05712,35.70288],[139.05676,35.70296],[139.05588,35.70332],[139.05481,35.70385],[139.05412,35.70418],[139.05292,35.70482],[139.05225,35.70493],[139.0521,35.70488]],[[139.0521,35.70488],[139.05213,35.70498],[139.05207,35.70537],[139.0519,35.70592],[139.05135,35.70661],[139.05084,35.70742],[139.05048,35.70745],[139.04977,35.70781]],[[139.04916,35.70791],[139.04889,35.70795],[139.04851,35.70807],[139.04801,35.70848],[139.04787,35.70887],[139.04762,35.70925],[139.0475,35.7093]],[[139.04916,35.70791],[139.04948,35.70788],[139.04977,35.70781]],[[139.04676,35.70944],[139.04696,35.70947],[139.04737,35.70935],[139.0475,35.7093]],[[139.04635,35.70923],[139.04639,35.70927],[139.04672,35.70943],[139.04676,35.70944]],[[139.04292,35.70975],[139.04294,35.70972],[139.04335,35.70945],[139.04507,35.7093],[139.04583,35.70934],[139.04635,35.70923]],[[139.04057,35.71103],[139.04065,35.71098],[139.04109,35.71083],[139.04156,35.71066],[139.04224,35.71031],[139.0427,35.70996],[139.04292,35.70975]],[[139.03844,35.71171],[139.03816,35.71199],[139.03789,35.71258],[139.03756,35.71293],[139.03696,35.71324],[139.03651,35.71342],[139.03561,35.71405],[139.03491,35.71483],[139.0346,35.71524],[139.03421,35.71549],[139.03345,35.71571],[139.03276,35.71626],[139.03125,35.7163]],[[139.02885,35.7157],[139.0288,35.71588],[139.02888,35.71673],[139.02885,35.71687]],[[139.02885,35.7157],[139.02895,35.71575],[139.02959,35.71584],[139.02994,35.71581],[139.03027,35.71583],[139.03066,35.71587],[139.03083,35.7162],[139.03083,35.71633]],[[139.03083,35.71633],[139.03081,35.71643]],[[139.0288,35.7171],[139.02839,35.71728],[139.02808,35.71762],[139.02753,35.7178],[139.02706,35.71816],[139.02668,35.71843],[139.02621,35.71885],[139.02549,35.71936],[139.0247,35.71999],[139.02413,35.72062],[139.02367,35.72126],[139.02323,35.72165],[139.02231,35.72241],[139.02199,35.72287],[139.02201,35.72339],[139.02203,35.72351]],[[139.02885,35.71687],[139.0288,35.7171]],[[139.02203,35.72351],[139.02205,35.72367],[139.02211,35.72449],[139.02196,35.72512],[139.0217,35.72582],[139.0215,35.72648],[139.021,35.7272],[139.02078,35.72767],[139.02007,35.72818],[139.01884,35.72938],[139.01808,35.73039],[139.01796,35.73088],[139.01797,35.73116]],[[139.01797,35.73116],[139.01794,35.73126],[139.01747,35.73154],[139.01658,35.73217],[139.01618,35.73273],[139.01584,35.73314],[139.01559,35.7333],[139.01512,35.7333],[139.0149,35.73353],[139.01485,35.73383],[139.0146,35.73419],[139.01429,35.73465],[139.01383,35.73517],[139.01372,35.73571]],[[139.01372,35.73571],[139.01361,35.73594],[139.0135,35.73619],[139.01298,35.73686],[139.01278,35.73749],[139.01252,35.73849],[139.01244,35.73893]],[[139.01244,35.73893],[139.01264,35.73903],[139.01308,35.73908],[139.01319,35.73905]],[[139.16512,35.66533],[139.16526,35.66523],[139.16532,35.66502],[139.16511,35.66437],[139.16514,35.66368],[139.16542,35.66319],[139.16582,35.66309],[139.16623,35.66287],[139.16648,35.66229],[139.16724,35.66194],[139.16739,35.6617],[139.1672,35.66121],[139.16707,35.66048],[139.16704,35.65963],[139.16722,35.65929],[139.16781,35.65892],[139.16801,35.65881],[139.16808,35.65866],[139.16818,35.65864]],[[139.16158,35.66775],[139.16183,35.66753],[139.16213,35.66712],[139.16297,35.6668],[139.16362,35.66661],[139.164,35.66626],[139.16426,35.66569],[139.16468,35.66553],[139.16506,35.66537],[139.16512,35.66533]],[[139.1614,35.66776],[139.16132,35.66777],[139.16072,35.66774],[139.15959,35.66748],[139.15879,35.66713],[139.1581,35.6669],[139.15745,35.6666],[139.1571,35.66635],[139.15647,35.66644],[139.15575,35.66647],[139.15497,35.66623],[139.15356,35.66586]],[[139.14467,35.66817],[139.14494,35.66788],[139.14558,35.66736],[139.14613,35.66705],[139.14696,35.66673],[139.14857,35.66667],[139.15125,35.66662],[139.15184,35.66653],[139.15249,35.66637],[139.15286,35.66628],[139.15336,35.66603],[139.15356,35.66586]],[[139.12182,35.67883],[139.12236,35.67854],[139.12268,35.67818],[139.12316,35.67749],[139.1237,35.67737],[139.12426,35.67768],[139.12479,35.67762],[139.12541,35.67727],[139.12682,35.67675],[139.12759,35.67622],[139.1287,35.67524],[139.1289,35.67497]],[[139.1289,35.67497],[139.12897,35.67483],[139.12944,35.67426],[139.12954,35.67382],[139.12961,35.67369]],[[139.12961,35.67369],[139.12965,35.67363],[139.12994,35.67336],[139.13078,35.67235],[139.13093,35.67171]],[[139.13124,35.67187],[139.13126,35.67188],[139.13202,35.6723],[139.13299,35.67262],[139.1336,35.67274],[139.13424,35.67258],[139.13506,35.67237],[139.1356,35.67221],[139.13638,35.67231],[139.13664,35.67231],[139.137,35.67208],[139.13743,35.67168],[139.13803,35.6713],[139.13844,35.6709],[139.13889,35.67043],[139.13928,35.67033],[139.14024,35.6705],[139.14084,35.67045]],[[139.14084,35.67045],[139.14086,35.67045],[139.14142,35.67024],[139.14191,35.67012],[139.14245,35.66997],[139.14266,35.66992]],[[139.14279,35.66987],[139.14271,35.66969],[139.14278,35.66931],[139.14318,35.66886],[139.14424,35.6685],[139.14467,35.66817]],[[139.13093,35.67171],[139.13097,35.67176],[139.13124,35.67187]],[[139.12065,35.67949],[139.12077,35.6794],[139.12143,35.67915],[139.12182,35.67883]],[[139.1191,35.68071],[139.11919,35.68051],[139.11963,35.68001],[139.11999,35.67991],[139.12026,35.67981],[139.12065,35.67949]],[[139.11276,35.68492],[139.11297,35.68458],[139.11348,35.68428],[139.11387,35.68426],[139.11442,35.68419],[139.11535,35.6839],[139.11634,35.68373],[139.11685,35.68323],[139.11758,35.68259],[139.11821,35.68191],[139.11886,35.68137],[139.1191,35.68071]],[[139.10943,35.68856],[139.10992,35.68819],[139.11087,35.68746],[139.11114,35.68678],[139.11141,35.6864],[139.11244,35.6854],[139.11276,35.68492]],[[139.10038,35.69202],[139.10047,35.692],[139.10127,35.69187],[139.10258,35.69165],[139.10322,35.69152],[139.10403,35.69122],[139.10463,35.69102],[139.10531,35.69104],[139.10584,35.69107],[139.10688,35.69055],[139.1076,35.69028],[139.10831,35.68987],[139.10866,35.68938],[139.10943,35.68856]],[[139.09059,35.69107],[139.09101,35.69108],[139.0916,35.69149],[139.09209,35.69175],[139.09275,35.69183],[139.09387,35.69144],[139.09425,35.69149],[139.09491,35.69143],[139.09543,35.69118],[139.09596,35.69154],[139.0967,35.69211],[139.09723,35.69242],[139.09807,35.69236],[139.09889,35.69244],[139.09937,35.6924],[139.09971,35.69229],[139.10038,35.69202]],[[139.08463,35.69318],[139.08544,35.69321],[139.0859,35.69316],[139.08659,35.6926],[139.08754,35.692],[139.08827,35.69174],[139.0889,35.69165],[139.08926,35.69157],[139.09009,35.69119],[139.09059,35.69107]],[[139.08463,35.69318],[139.08439,35.69344],[139.08389,35.69413],[139.08352,35.69452],[139.08306,35.69469],[139.08244,35.69538],[139.08194,35.69566],[139.08111,35.69566],[139.08063,35.69573],[139.08003,35.6957],[139.07903,35.69576],[139.07815,35.6958],[139.07768,35.69566],[139.07672,35.69508],[139.07598,35.69498],[139.07553,35.69514],[139.07553,35.69514]],[[139.07553,35.69514],[139.07541,35.69524],[139.075,35.6956],[139.07465,35.69571],[139.07412,35.69562],[139.0734,35.69548],[139.07265,35.69559],[139.0724,35.69565]],[[139.07175,35.69642],[139.0717,35.69646],[139.07125,35.69704],[139.07075,35.69768],[139.07002,35.69783],[139.06915,35.69797],[139.0688,35.69805],[139.06769,35.69845],[139.06693,35.69847],[139.06652,35.69852],[139.06625,35.69822],[139.0658,35.69797],[139.06549,35.69825],[139.06523,35.69849],[139.06501,35.69885]],[[139.0724,35.69565],[139.07219,35.69573],[139.0718,35.69626],[139.07175,35.69642]],[[139.06501,35.69885],[139.06485,35.69895],[139.06374,35.69999]],[[139.06374,35.69999],[139.06351,35.70028],[139.06272,35.70084],[139.06234,35.70104],[139.06132,35.70145],[139.06071,35.70159],[139.06046,35.70163]],[[139.06046,35.70163],[139.06008,35.70181],[139.05952,35.70201],[139.05913,35.70205],[139.0585,35.70222]],[[139.0585,35.70222],[139.0584,35.70226],[139.05766,35.70273],[139.05737,35.70282],[139.05712,35.70288],[139.05676,35.70296],[139.05588,35.70332],[139.05481,35.70385],[139.05412,35.70418],[139.05292,35.70482],[139.05225,35.70493],[139.0521,35.70488]],[[139.0521,35.70488],[139.05213,35.70498],[139.05207,35.70537],[139.0519,35.70592],[139.05135,35.70661],[139.05084,35.70742],[139.05048,35.70745],[139.04977,35.70781]],[[139.04916,35.70791],[139.04889,35.70795],[139.04851,35.70807],[139.04801,35.70848],[139.04787,35.70887],[139.04762,35.70925],[139.0475,35.7093]],[[139.04916,35.70791],[139.04948,35.70788],[139.04977,35.70781]],[[139.04676,35.70944],[139.04696,35.70947],[139.04737,35.70935],[139.0475,35.7093]],[[139.04635,35.70923],[139.04639,35.70927],[139.04672,35.70943],[139.04676,35.70944]],[[139.04292,35.70975],[139.04294,35.70972],[139.04335,35.70945],[139.04507,35.7093],[139.04583,35.70934],[139.04635,35.70923]],[[139.04057,35.71103],[139.04065,35.71098],[139.04109,35.71083],[139.04156,35.71066],[139.04224,35.71031],[139.0427,35.70996],[139.04292,35.70975]],[[139.03844,35.71171],[139.03816,35.71199],[139.03789,35.71258],[139.03756,35.71293],[139.03696,35.71324],[139.03651,35.71342],[139.03561,35.71405],[139.03491,35.71483],[139.0346,35.71524],[139.03421,35.71549],[139.03345,35.71571],[139.03276,35.71626],[139.03125,35.7163]],[[139.02885,35.7157],[139.0288,35.71588],[139.02888,35.71673],[139.02885,35.71687]],[[139.02885,35.7157],[139.02895,35.71575],[139.02959,35.71584],[139.02994,35.71581],[139.03027,35.71583],[139.03066,35.71587],[139.03083,35.7162],[139.03083,35.71633]],[[139.03083,35.71633],[139.03081,35.71643]],[[139.0288,35.7171],[139.02839,35.71728],[139.02808,35.71762],[139.02753,35.7178],[139.02706,35.71816],[139.02668,35.71843],[139.02621,35.71885],[139.02549,35.71936],[139.0247,35.71999],[139.02413,35.72062],[139.02367,35.72126],[139.02323,35.72165],[139.02231,35.72241],[139.02199,35.72287],[139.02201,35.72339],[139.02203,35.72351]],[[139.0288,35.7171],[139.02886,35.7171],[139.0294,35.71667],[139.02967,35.71655],[139.02992,35.71645],[139.03012,35.71643],[139.03062,35.7164],[139.03092,35.71643],[139.03125,35.7163]],[[139.02885,35.71687],[139.0288,35.7171]],[[139.02203,35.72351],[139.02205,35.72367],[139.02211,35.72449],[139.02196,35.72512],[139.0217,35.72582],[139.0215,35.72648],[139.021,35.7272],[139.02078,35.72767],[139.02007,35.72818],[139.01884,35.72938],[139.01808,35.73039],[139.01796,35.73088],[139.01797,35.73116]],[[139.01797,35.73116],[139.01794,35.73126],[139.01747,35.73154],[139.01658,35.73217],[139.01618,35.73273],[139.01584,35.73314],[139.01559,35.7333],[139.01512,35.7333],[139.0149,35.73353],[139.01485,35.73383],[139.0146,35.73419],[139.01429,35.73465],[139.01383,35.73517],[139.01372,35.73571]],[[139.01372,35.73571],[139.01361,35.73594],[139.0135,35.73619],[139.01298,35.73686],[139.01278,35.73749],[139.01252,35.73849],[139.01244,35.73893]],[[139.01244,35.73893],[139.01264,35.73903],[139.01308,35.73908],[139.01319,35.73905]]]},"properties":{"name":"三頭山 尾根道（檜原都民の森）","area":"okutama"}},{"type":"Feature","geometry":{"type":"MultiLineString","coordinates":[[[139.22682,35.37106],[139.22679,35.37102]],[[139.22679,35.37102],[139.22677,35.371],[139.22676,35.37099]],[[139.22676,35.37099],[139.22672,35.37095],[139.22668,35.37091]],[[139.22668,35.37091],[139.22665,35.3709],[139.22646,35.37068]],[[139.22646,35.37068],[139.22633,35.37053]],[[139.22633,35.37053],[139.22627,35.37046],[139.22622,35.37043],[139.22616,35.37043],[139.22613,35.37045]],[[139.22613,35.37045],[139.22603,35.37051]],[[139.22603,35.37051],[139.22597,35.37056],[139.22574,35.37031]],[[139.22679,35.37107],[139.22677,35.37108],[139.22675,35.37114],[139.22679,35.37119],[139.22687,35.37119],[139.22691,35.37115],[139.22689,35.37109],[139.22682,35.37106],[139.22679,35.37107]],[[139.22695,35.37118],[139.22699,35.37121]],[[139.22691,35.37115],[139.22695,35.37118]],[[139.22699,35.37121],[139.22702,35.37124],[139.22706,35.37128]],[[139.243,35.37189],[139.24302,35.37191],[139.2431,35.37187],[139.24302,35.37185],[139.243,35.37189]],[[139.24753,35.37508],[139.24756,35.37505],[139.24763,35.37501],[139.24805,35.37496],[139.24845,35.37494],[139.24887,35.3749],[139.24934,35.37492],[139.24999,35.37499],[139.25011,35.375]],[[139.25011,35.375],[139.25013,35.37503],[139.25014,35.37508],[139.25014,35.37511]],[[139.25014,35.37511],[139.25018,35.37515]],[[139.25018,35.37515],[139.25022,35.37519],[139.25025,35.37524],[139.25028,35.37528],[139.25025,35.37527],[139.25021,35.37529],[139.25021,35.37535],[139.25024,35.37548]],[[139.25024,35.37548],[139.25023,35.37551],[139.25016,35.37552],[139.24995,35.37552],[139.24982,35.37559]],[[139.24982,35.37559],[139.24978,35.37564],[139.24963,35.37581],[139.24953,35.37589],[139.24942,35.37597],[139.24934,35.37606],[139.24927,35.37616],[139.24917,35.37632],[139.24928,35.37669],[139.24923,35.37706],[139.24914,35.37727],[139.24909,35.37741],[139.24903,35.3777],[139.24916,35.3779],[139.24918,35.3781],[139.24923,35.37822],[139.24943,35.37837],[139.24972,35.37853],[139.24996,35.3786],[139.25005,35.37864],[139.2501,35.37867]],[[139.25062,35.37915],[139.25057,35.37908],[139.25041,35.37884],[139.25024,35.37876]],[[139.25203,35.38195],[139.25193,35.3818],[139.25156,35.38123],[139.25132,35.38075],[139.25117,35.38006],[139.25087,35.37982],[139.25083,35.37959],[139.25076,35.37943],[139.2507,35.3793],[139.25062,35.37915]],[[139.25315,35.38221],[139.2529,35.38215],[139.25217,35.38204],[139.25203,35.38195]],[[139.25874,35.38224],[139.25871,35.38225],[139.25865,35.38226],[139.2581,35.38236],[139.25726,35.38232],[139.25659,35.38219],[139.25623,35.3819],[139.25544,35.38182],[139.2544,35.38182],[139.25391,35.3821],[139.25327,35.38221],[139.25315,35.38221]],[[139.25976,35.38297],[139.25971,35.3829],[139.25952,35.38256],[139.25926,35.38229],[139.25896,35.38222],[139.2588,35.38223],[139.25874,35.38224]],[[139.26378,35.38505],[139.26366,35.385],[139.26329,35.38482],[139.2629,35.38468],[139.26264,35.38438],[139.26222,35.38419],[139.26151,35.38393],[139.26084,35.38371],[139.26023,35.3834],[139.25993,35.38315],[139.25976,35.38297]],[[139.26503,35.38558],[139.26492,35.38559],[139.26433,35.38535],[139.26393,35.38509],[139.26378,35.38505]],[[139.2687,35.3844],[139.26858,35.38439],[139.2681,35.38422],[139.26748,35.38414],[139.26675,35.3842],[139.26593,35.3846],[139.26531,35.38536],[139.26503,35.38558]],[[139.26946,35.38479],[139.26923,35.38462],[139.2687,35.3844]],[[139.26946,35.38479],[139.26957,35.38487],[139.27004,35.38513],[139.2706,35.38543],[139.271,35.38543],[139.27164,35.38528],[139.27191,35.38522]],[[139.27191,35.38522],[139.27211,35.38518],[139.27275,35.38524]],[[139.27275,35.38524],[139.27292,35.38529],[139.27334,35.38536]],[[139.27334,35.38536],[139.27324,35.38528],[139.27302,35.38504],[139.27293,35.38477],[139.27294,35.38461],[139.27284,35.38438],[139.27289,35.3843],[139.27301,35.38431]],[[139.27301,35.38431],[139.27305,35.38429],[139.27314,35.38411],[139.27322,35.38395]],[[139.27322,35.38395],[139.2733,35.38394]],[[139.27405,35.38363],[139.27386,35.38378]],[[139.27411,35.38368],[139.27405,35.38363]],[[139.27411,35.38368],[139.27432,35.38358],[139.27443,35.38356],[139.2747,35.38355]],[[139.2747,35.38355],[139.27477,35.38352],[139.27524,35.38337],[139.27576,35.38332]],[[139.27665,35.38229],[139.27661,35.38231],[139.27583,35.38286],[139.27578,35.38307],[139.27576,35.38332]],[[139.27705,35.38121],[139.27704,35.38128],[139.27684,35.38196],[139.27665,35.38229]],[[139.27713,35.38092],[139.27707,35.38114],[139.27705,35.38121]],[[139.27757,35.38114],[139.27733,35.38102],[139.27713,35.38092]],[[139.27762,35.38129],[139.27763,35.38125],[139.27757,35.38114]],[[139.22706,35.37128],[139.2274,35.37108],[139.22786,35.37084]],[[139.22786,35.37084],[139.22788,35.37083],[139.2279,35.37082]],[[139.2279,35.37082],[139.22819,35.37067],[139.22885,35.37039],[139.22935,35.37021]],[[139.22935,35.37021],[139.22937,35.3702],[139.22939,35.37019]],[[139.22939,35.37019],[139.22977,35.37006]],[[139.22977,35.37006],[139.22979,35.37005],[139.22981,35.37004]],[[139.22981,35.37004],[139.23017,35.36991]],[[139.23017,35.36991],[139.2302,35.3699],[139.23022,35.36989]],[[139.23022,35.36989],[139.23127,35.36951],[139.2313,35.36951],[139.23133,35.36951]],[[139.23133,35.36951],[139.2314,35.36947],[139.23144,35.36945]],[[139.23144,35.36945],[139.23145,35.36943],[139.23149,35.3694],[139.23181,35.36926]],[[139.23181,35.36926],[139.23183,35.36925],[139.23184,35.36925]],[[139.23184,35.36925],[139.23251,35.36892],[139.23277,35.3688]],[[139.23277,35.3688],[139.23279,35.36879],[139.23281,35.36878]],[[139.23281,35.36878],[139.23313,35.36862],[139.23353,35.3684]],[[139.23353,35.3684],[139.23367,35.36833],[139.23368,35.36832]],[[139.23368,35.36832],[139.23402,35.36812]],[[139.23402,35.36812],[139.23409,35.36807],[139.23414,35.36803]],[[139.23414,35.36803],[139.23485,35.36748],[139.23499,35.36744]],[[139.23499,35.36744],[139.23502,35.36745],[139.23542,35.36846],[139.23554,35.36876]],[[139.23569,35.36872],[139.23561,35.36874],[139.23554,35.36876]],[[139.23579,35.36876],[139.23569,35.36872]],[[139.23585,35.36888],[139.23582,35.36882],[139.23579,35.36876]],[[139.23582,35.36895],[139.23585,35.36888]],[[139.23582,35.36895],[139.23583,35.36898]],[[139.23583,35.36898],[139.23595,35.36932]],[[139.23595,35.36932],[139.23597,35.36941],[139.23601,35.36957],[139.23617,35.37]],[[139.23617,35.37],[139.23618,35.37004],[139.23619,35.37006]],[[139.23619,35.37006],[139.23621,35.37015],[139.23623,35.37034],[139.23622,35.37052]],[[139.23622,35.37052],[139.23622,35.37055]],[[139.23627,35.37055],[139.23626,35.37056],[139.23622,35.37055]],[[139.23635,35.37047],[139.2363,35.37052],[139.23627,35.37055]],[[139.23636,35.37048],[139.23635,35.37047]],[[139.23642,35.37051],[139.23636,35.37048]],[[139.23673,35.3708],[139.23667,35.37084],[139.23659,35.37105],[139.23657,35.37105],[139.23658,35.37088],[139.23649,35.37088],[139.23645,35.371],[139.23639,35.37106],[139.23643,35.37097],[139.23637,35.37098],[139.23625,35.37103],[139.2362,35.3709],[139.23633,35.37063],[139.23643,35.37051],[139.23642,35.37051]],[[139.23736,35.37087],[139.2373,35.3709],[139.2372,35.37089],[139.23715,35.37087],[139.23707,35.37097],[139.23706,35.37095],[139.23713,35.37084],[139.23709,35.37085],[139.23697,35.37092],[139.23683,35.371],[139.2368,35.37101],[139.23685,35.37086],[139.23678,35.37079],[139.23673,35.3708]],[[139.2375,35.37099],[139.2375,35.37095],[139.23747,35.37093],[139.23736,35.37101],[139.23733,35.371],[139.2374,35.37089],[139.23739,35.37085],[139.23736,35.37087]],[[139.23797,35.37121],[139.23791,35.3712],[139.23771,35.37105],[139.23765,35.37098],[139.23751,35.37101],[139.2375,35.37099]],[[139.23861,35.37131],[139.23844,35.37138],[139.23822,35.37129],[139.23797,35.37121]],[[139.23889,35.37126],[139.23884,35.37128],[139.23874,35.37128],[139.23861,35.37131]],[[139.23928,35.37089],[139.23914,35.37087],[139.23903,35.37092],[139.23895,35.37122],[139.23889,35.37126]],[[139.23957,35.3709],[139.23945,35.3709],[139.23928,35.37089]],[[139.23962,35.37089],[139.23957,35.3709]],[[139.24005,35.37087],[139.23985,35.37088],[139.23976,35.37089],[139.23962,35.37089]],[[139.24154,35.37116],[139.24148,35.371],[139.24141,35.37083],[139.24088,35.37091],[139.24021,35.37088],[139.24005,35.37087]],[[139.24158,35.37123],[139.24154,35.37116]],[[139.24161,35.37129],[139.2416,35.37126],[139.24158,35.37123]],[[139.24161,35.37129],[139.24156,35.37138]],[[139.24156,35.37138],[139.24162,35.37139]],[[139.24162,35.37139],[139.24165,35.3714],[139.24184,35.37134],[139.24201,35.37124],[139.24224,35.37137]],[[139.24294,35.37194],[139.24291,35.37189],[139.24277,35.37177],[139.24235,35.37146],[139.24224,35.37137]],[[139.24294,35.37194],[139.243,35.37197],[139.24305,35.37201]],[[139.24305,35.37201],[139.24303,35.37211],[139.24303,35.37218]],[[139.24303,35.37218],[139.24301,35.37233],[139.24326,35.37254]],[[139.24326,35.37254],[139.24336,35.3726],[139.24364,35.37274],[139.24396,35.37293],[139.24419,35.37315]],[[139.24419,35.37315],[139.24429,35.37325],[139.24451,35.37344],[139.24464,35.3735]],[[139.24464,35.3735],[139.24473,35.37356],[139.24502,35.37374],[139.24524,35.37389],[139.24549,35.37407],[139.24584,35.3743],[139.24611,35.37446],[139.24651,35.37473],[139.2468,35.37488],[139.24696,35.37497],[139.24724,35.37501],[139.2475,35.37509],[139.24753,35.37508]]]},"properties":{"name":"弘法山〜吾妻山 縦走","area":"tanzawa"}},{"type":"Feature","geometry":{"type":"MultiLineString","coordinates":[[[139.24398,35.4278],[139.24393,35.42786]],[[139.24393,35.42786],[139.2439,35.42789],[139.24391,35.42792],[139.24392,35.42797]],[[139.24205,35.42949],[139.24216,35.42949],[139.24221,35.42945],[139.24237,35.42941],[139.2426,35.42935],[139.24278,35.42933],[139.24285,35.42907],[139.24291,35.42886],[139.24296,35.42873],[139.24315,35.42858],[139.24344,35.42841],[139.24352,35.42837],[139.24363,35.42836],[139.24384,35.42831],[139.24395,35.42817],[139.24392,35.42797]],[[139.24205,35.42949],[139.24216,35.42949],[139.24221,35.42945],[139.24237,35.42941],[139.2426,35.42935],[139.24278,35.42933],[139.24285,35.42907],[139.24291,35.42886],[139.24296,35.42873],[139.24315,35.42858],[139.24344,35.42841],[139.24352,35.42837],[139.24363,35.42836],[139.24384,35.42831],[139.24395,35.42817],[139.24392,35.42797]],[[139.24393,35.42786],[139.2439,35.42789],[139.24391,35.42792],[139.24392,35.42797]],[[139.24205,35.42949],[139.24194,35.42957]],[[139.24144,35.42979],[139.24142,35.42977],[139.2416,35.42963],[139.24194,35.42957]],[[139.24144,35.42979],[139.24145,35.42983]],[[139.24041,35.43109],[139.24053,35.43096],[139.24069,35.43086],[139.24065,35.43071],[139.2409,35.4305],[139.24098,35.43039],[139.24103,35.43036],[139.24109,35.43039],[139.24124,35.43027],[139.24135,35.43023],[139.24127,35.43012],[139.24142,35.42998],[139.24151,35.42994],[139.24145,35.42983]],[[139.24395,35.42781],[139.24398,35.4278]],[[139.24388,35.42782],[139.24395,35.42781]],[[139.24388,35.42782],[139.2438,35.42784]],[[139.2438,35.42784],[139.24368,35.42792]],[[139.24368,35.42792],[139.24364,35.42796],[139.24331,35.42797]],[[139.24331,35.42797],[139.24324,35.42793]],[[139.24324,35.42793],[139.24319,35.42791],[139.2427,35.42809],[139.24249,35.42824],[139.24179,35.42861],[139.24149,35.42869]],[[139.24149,35.42869],[139.24133,35.42872],[139.24107,35.42872],[139.24073,35.42866]],[[139.24073,35.42866],[139.2407,35.42872]],[[139.2407,35.42872],[139.24069,35.42873],[139.24038,35.42869],[139.23998,35.4289],[139.23973,35.42893],[139.23982,35.42919],[139.2394,35.42967],[139.23918,35.42977]],[[139.23918,35.42977],[139.23924,35.42983]],[[139.23924,35.42983],[139.23936,35.42983],[139.23953,35.42993],[139.23985,35.42988],[139.23999,35.43008],[139.23979,35.43015],[139.23974,35.4303]],[[139.23974,35.4303],[139.2398,35.43035]],[[139.2398,35.43035],[139.23996,35.43048],[139.23969,35.43049],[139.2398,35.43074],[139.23994,35.43108],[139.24001,35.43112]],[[139.24001,35.43112],[139.23995,35.43124]],[[139.23736,35.43195],[139.23756,35.4317],[139.23758,35.43168]],[[139.23115,35.44078],[139.2312,35.44066],[139.23096,35.44052],[139.23047,35.44035],[139.23031,35.43985],[139.23019,35.43954],[139.23018,35.43926],[139.23016,35.43903],[139.23011,35.43884],[139.23008,35.43858],[139.23014,35.43792],[139.23059,35.43745],[139.23111,35.4372],[139.23149,35.43682],[139.23139,35.43642],[139.23154,35.43605],[139.23175,35.4356],[139.23211,35.43527],[139.23253,35.43489],[139.23273,35.43452],[139.23268,35.43387],[139.23279,35.43343],[139.23301,35.43303],[139.23317,35.43281],[139.23309,35.43256],[139.23356,35.43236],[139.23383,35.43216],[139.23409,35.43185],[139.23449,35.43169],[139.23446,35.43139],[139.23477,35.43154],[139.23505,35.43143],[139.23521,35.43142],[139.23595,35.43172],[139.23651,35.43203],[139.23675,35.43214],[139.2371,35.43206],[139.23715,35.43216],[139.23737,35.43198],[139.23736,35.43195]]]},"properties":{"name":"大山 表参道（男坂・女坂・本坂）","area":"tanzawa"}},{"type":"Feature","geometry":{"type":"MultiLineString","coordinates":[[[139.22839,35.41579],[139.22871,35.41634],[139.22883,35.4166],[139.22884,35.41745],[139.22891,35.41768],[139.22891,35.41786],[139.2289,35.41811]],[[139.2289,35.41811],[139.22891,35.41813],[139.22897,35.41833],[139.22913,35.41847],[139.22943,35.41861],[139.22978,35.41864],[139.23005,35.41865]],[[139.23013,35.41865],[139.23014,35.41865],[139.23026,35.41879]],[[139.23005,35.41865],[139.23013,35.41865]],[[139.23026,35.41879],[139.23024,35.41882],[139.23018,35.41887],[139.23038,35.41878],[139.2306,35.41873],[139.23068,35.41877]],[[139.23068,35.41877],[139.23068,35.4188],[139.2307,35.41881]],[[139.2307,35.41881],[139.23074,35.41881],[139.23089,35.41875]],[[139.23089,35.41875],[139.23093,35.41874],[139.23098,35.41874],[139.23102,35.41873]],[[139.23102,35.41873],[139.23105,35.41869],[139.23108,35.41858],[139.2312,35.41861],[139.23138,35.41874]],[[139.23138,35.41874],[139.23145,35.4188],[139.23148,35.41882],[139.23149,35.41885]],[[139.23149,35.41885],[139.23148,35.41886],[139.23138,35.41894]],[[139.23138,35.41894],[139.23137,35.41897],[139.23128,35.4191],[139.23129,35.41924]],[[139.23129,35.41924],[139.23125,35.41925],[139.23117,35.4193]],[[139.23117,35.4193],[139.23124,35.41933],[139.2313,35.41942],[139.23133,35.41944]],[[139.23133,35.41944],[139.23143,35.41949],[139.23146,35.41959],[139.23158,35.41967],[139.23169,35.4198],[139.23181,35.41987]],[[139.23181,35.41987],[139.23183,35.41993],[139.23184,35.42012],[139.23192,35.42018]],[[139.23192,35.42018],[139.23198,35.42016],[139.23212,35.42018],[139.23231,35.42041],[139.23244,35.42058]],[[139.23244,35.42058],[139.2325,35.42067],[139.23255,35.42075]],[[139.23255,35.42075],[139.23258,35.42083],[139.23279,35.42097],[139.23301,35.42106],[139.23302,35.42108]],[[139.23302,35.42108],[139.23293,35.42106],[139.23282,35.42102],[139.23266,35.42095]],[[139.23266,35.42095],[139.2326,35.421],[139.23246,35.42113],[139.23243,35.42123]],[[139.23243,35.42123],[139.23245,35.42125],[139.23243,35.42131],[139.23262,35.42135],[139.23269,35.42129],[139.23272,35.42139],[139.23285,35.42144],[139.23291,35.42147],[139.23288,35.42158],[139.23301,35.42161],[139.23315,35.42172],[139.23332,35.42191],[139.23344,35.42208],[139.2336,35.42218],[139.23357,35.42226]],[[139.23357,35.42226],[139.23355,35.42228],[139.23365,35.42238],[139.23381,35.42244],[139.23385,35.4226],[139.23403,35.42268],[139.23401,35.42277],[139.23412,35.4228],[139.23417,35.42292],[139.23413,35.42309],[139.23419,35.42312],[139.23424,35.42309],[139.23424,35.42313],[139.23425,35.42318],[139.23433,35.42315],[139.23439,35.42315],[139.23431,35.42328],[139.23431,35.42332],[139.23443,35.42329],[139.23449,35.42329],[139.23444,35.42338],[139.23442,35.42345],[139.23449,35.42345],[139.23459,35.42341],[139.2346,35.42343]],[[139.2346,35.42343],[139.2346,35.42345],[139.23463,35.42352],[139.23472,35.42361],[139.23481,35.42359],[139.23488,35.42365],[139.23503,35.42369],[139.23518,35.4237],[139.23539,35.4238],[139.23559,35.4238],[139.23575,35.42385],[139.23598,35.42391],[139.23614,35.42391],[139.23639,35.42382],[139.23658,35.42379],[139.23661,35.42382],[139.23657,35.42387],[139.23661,35.42388],[139.23675,35.42389],[139.23678,35.42391]],[[139.23829,35.42648],[139.23803,35.42644],[139.23742,35.42637],[139.23715,35.42631],[139.23685,35.42642],[139.23666,35.42633],[139.23645,35.42634],[139.2363,35.42602],[139.236,35.42582],[139.23607,35.4256],[139.23607,35.4254],[139.23598,35.42538],[139.23588,35.42524],[139.23603,35.42518],[139.23613,35.42498],[139.23621,35.4249],[139.23645,35.42486],[139.23651,35.42473],[139.23643,35.42461],[139.23652,35.42455],[139.23668,35.42441],[139.23667,35.42431],[139.23678,35.42391]],[[139.23825,35.42692],[139.23827,35.42691],[139.23837,35.42686],[139.23843,35.4268],[139.23849,35.4267],[139.23842,35.42661],[139.23829,35.42648]],[[139.23824,35.42693],[139.23825,35.42692]],[[139.2381,35.42704],[139.23813,35.42701],[139.23818,35.42697],[139.23824,35.42693]],[[139.23809,35.42706],[139.2381,35.42704]],[[139.23619,35.42863],[139.23619,35.42859],[139.23628,35.42857],[139.23646,35.42849],[139.23645,35.4284],[139.23655,35.42825],[139.23673,35.42825],[139.23689,35.42808],[139.23703,35.42803],[139.23722,35.42788],[139.23732,35.42783],[139.23744,35.42785],[139.23755,35.42781],[139.2378,35.42778],[139.23782,35.42757],[139.23801,35.42739],[139.23807,35.42724],[139.23807,35.4271],[139.23809,35.42706]],[[139.23629,35.42877],[139.23626,35.42871],[139.23619,35.42863]],[[139.23704,35.43075],[139.23708,35.43072],[139.23707,35.43035],[139.23716,35.43018],[139.23711,35.42988],[139.23703,35.42966],[139.23692,35.42958],[139.23673,35.42971],[139.23668,35.42976],[139.23658,35.42962],[139.23656,35.42945],[139.23646,35.4293],[139.23655,35.42909],[139.23653,35.42893],[139.23634,35.42882],[139.23629,35.42877]],[[139.23758,35.43168],[139.23742,35.43159],[139.23726,35.43133],[139.23702,35.43114],[139.237,35.43087],[139.23704,35.43075]],[[139.23823,35.43168],[139.23811,35.43174],[139.23788,35.43173],[139.23758,35.43168]],[[139.23831,35.43163],[139.23823,35.43168]],[[139.2386,35.43154],[139.23846,35.43157],[139.23836,35.4316],[139.23831,35.43163]],[[139.2387,35.43153],[139.2386,35.43154]],[[139.2388,35.43151],[139.2387,35.43153]],[[139.23881,35.43151],[139.2388,35.43151]],[[139.23881,35.43151],[139.23883,35.43154],[139.23878,35.43168],[139.23874,35.43185],[139.23873,35.43197]],[[139.23873,35.43197],[139.23877,35.43205]],[[139.23796,35.43262],[139.23806,35.43259],[139.23854,35.43241],[139.23873,35.43222],[139.23877,35.43205]],[[139.23781,35.43269],[139.23786,35.43267],[139.23796,35.43262]],[[139.2378,35.43277],[139.23777,35.43273],[139.23781,35.43269]],[[139.23793,35.43282],[139.2378,35.43277]],[[139.23817,35.43415],[139.23817,35.43406],[139.23815,35.43378],[139.2382,35.43354],[139.23826,35.43334],[139.23823,35.43309],[139.23793,35.43282]],[[139.23823,35.43427],[139.23817,35.43415]],[[139.23839,35.43427],[139.23823,35.43427]],[[139.23844,35.43414],[139.23839,35.43427]],[[139.2385,35.43409],[139.23844,35.43414]],[[139.24105,35.43543],[139.2409,35.43529],[139.24068,35.43499],[139.24055,35.43489],[139.24022,35.4348],[139.2403,35.43458],[139.24003,35.43419],[139.23957,35.43402],[139.23908,35.43394],[139.23857,35.43405],[139.2385,35.43409]],[[139.24113,35.43546],[139.24105,35.43543]],[[139.24522,35.43454],[139.2451,35.43452],[139.24479,35.43463],[139.24443,35.43475],[139.2439,35.43495],[139.24354,35.43507],[139.24304,35.43505],[139.24247,35.43503],[139.24215,35.43512],[139.24171,35.43514],[139.24139,35.43537],[139.24113,35.43546]],[[139.24522,35.43454],[139.24537,35.4345],[139.2458,35.43429],[139.24614,35.43412],[139.24659,35.4339],[139.2469,35.43385],[139.24729,35.43364],[139.24747,35.43346],[139.24768,35.43325],[139.24793,35.43303],[139.24813,35.43287],[139.24843,35.43278],[139.24878,35.43276],[139.24931,35.43283],[139.24969,35.43297],[139.25005,35.43296],[139.25039,35.43296],[139.2507,35.43298],[139.25093,35.43298],[139.25122,35.433],[139.25166,35.433],[139.25208,35.43307]],[[139.25208,35.43307],[139.25216,35.43305],[139.25256,35.43303]],[[139.25256,35.43303],[139.2526,35.43307],[139.25278,35.43327],[139.25287,35.4335],[139.25295,35.43349],[139.25303,35.43356],[139.25312,35.43353],[139.25316,35.43347],[139.25323,35.43355],[139.25327,35.43348],[139.25336,35.43354],[139.25338,35.43347],[139.25348,35.43351],[139.25342,35.4334],[139.2536,35.43344],[139.25378,35.43364],[139.25368,35.43391],[139.25385,35.43384],[139.25389,35.43395],[139.25397,35.43386],[139.25398,35.43398],[139.25412,35.43391],[139.25411,35.43407],[139.25423,35.43407],[139.25437,35.43399],[139.25452,35.43404],[139.25469,35.4341],[139.25483,35.43421],[139.25504,35.43436],[139.25519,35.43433],[139.25516,35.43443],[139.25533,35.43439],[139.2554,35.4345],[139.25548,35.43444],[139.25537,35.43467],[139.25549,35.43466],[139.25569,35.43469],[139.25578,35.43459],[139.25584,35.43469],[139.25577,35.43486],[139.25571,35.43501],[139.25585,35.43501],[139.25602,35.435],[139.2561,35.43505],[139.25616,35.43516],[139.25626,35.43502],[139.25631,35.43526],[139.25638,35.43529],[139.25652,35.43513],[139.25658,35.43548],[139.25672,35.43537],[139.25675,35.43522],[139.25684,35.4354],[139.25704,35.43555]],[[139.25208,35.43307],[139.25216,35.43305],[139.25256,35.43303]],[[139.25256,35.43303],[139.2526,35.43307],[139.25278,35.43327],[139.25287,35.4335],[139.25295,35.43349],[139.25303,35.43356],[139.25312,35.43353],[139.25316,35.43347],[139.25323,35.43355],[139.25327,35.43348],[139.25336,35.43354],[139.25338,35.43347],[139.25348,35.43351],[139.25342,35.4334],[139.2536,35.43344],[139.25378,35.43364],[139.25368,35.43391],[139.25385,35.43384],[139.25389,35.43395],[139.25397,35.43386],[139.25398,35.43398],[139.25412,35.43391],[139.25411,35.43407],[139.25423,35.43407],[139.25437,35.43399],[139.25452,35.43404],[139.25469,35.4341],[139.25483,35.43421],[139.25504,35.43436],[139.25519,35.43433],[139.25516,35.43443],[139.25533,35.43439],[139.2554,35.4345],[139.25548,35.43444],[139.25537,35.43467],[139.25549,35.43466],[139.25569,35.43469],[139.25578,35.43459],[139.25584,35.43469],[139.25577,35.43486],[139.25571,35.43501],[139.25585,35.43501],[139.25602,35.435],[139.2561,35.43505],[139.25616,35.43516],[139.25626,35.43502],[139.25631,35.43526],[139.25638,35.43529],[139.25652,35.43513],[139.25658,35.43548],[139.25672,35.43537],[139.25675,35.43522],[139.25684,35.4354],[139.25704,35.43555]],[[139.25704,35.43555],[139.25705,35.43576],[139.25723,35.43605],[139.25742,35.43588],[139.25756,35.43605],[139.25762,35.43601],[139.25779,35.43613],[139.25792,35.4363],[139.25801,35.43655],[139.25821,35.43679],[139.25839,35.43709],[139.25843,35.43695],[139.25855,35.43705]],[[139.25855,35.43705],[139.25863,35.43706]],[[139.25863,35.43706],[139.25866,35.4371],[139.25881,35.43756]],[[139.26394,35.43765],[139.2639,35.43763],[139.26334,35.43768],[139.26292,35.43762],[139.26158,35.43764],[139.26112,35.43766],[139.26004,35.43776],[139.25881,35.43756]],[[139.26416,35.43776],[139.26394,35.43765]],[[139.26994,35.43676],[139.26948,35.43721],[139.26887,35.43771],[139.26827,35.43787],[139.26708,35.43783],[139.26599,35.43773],[139.26539,35.43765],[139.26437,35.43778],[139.26416,35.43776]],[[139.27449,35.43551],[139.27433,35.43547],[139.27417,35.43532],[139.27407,35.43523],[139.27352,35.43508],[139.27189,35.43503],[139.27094,35.43504],[139.27079,35.43511],[139.27034,35.43601],[139.26994,35.43676]],[[139.27719,35.43567],[139.27712,35.43565],[139.27663,35.43563],[139.27554,35.43555],[139.27449,35.43551]]]},"properties":{"name":"大山参り蓑毛のみち（関東ふれあいの道）","area":"tanzawa"}},{"type":"Feature","geometry":{"type":"MultiLineString","coordinates":[[[139.27122,35.48951],[139.27116,35.48939],[139.27111,35.48929]],[[139.27126,35.48957],[139.27122,35.48951]],[[139.27203,35.48976],[139.27192,35.48972],[139.27131,35.48961],[139.27126,35.48957]],[[139.27193,35.49083],[139.27191,35.4904],[139.27195,35.49],[139.27203,35.48976]],[[139.27193,35.49083],[139.27193,35.49111],[139.27153,35.49208],[139.27125,35.49227],[139.27101,35.49239],[139.27074,35.49269],[139.27056,35.49311],[139.27037,35.4933],[139.2698,35.49362],[139.26943,35.49404],[139.2693,35.4944],[139.26939,35.49461],[139.26969,35.49491],[139.26972,35.495],[139.26953,35.4953],[139.26895,35.49597],[139.2687,35.49628]],[[139.2687,35.49628],[139.26863,35.49633]],[[139.26863,35.49633],[139.2686,35.49637],[139.26835,35.49658]],[[139.26835,35.49658],[139.26819,35.49672],[139.26806,35.49703],[139.26791,35.49729],[139.26759,35.49753],[139.26727,35.49764],[139.26705,35.49776],[139.26669,35.49824],[139.26637,35.49838],[139.26603,35.49899],[139.26554,35.49964],[139.26492,35.50023],[139.26441,35.50047],[139.26415,35.50068],[139.2638,35.5011],[139.26374,35.50122],[139.26382,35.50128]],[[139.26382,35.50128],[139.26387,35.5013],[139.26437,35.50106],[139.26468,35.50093],[139.26559,35.50091],[139.26574,35.5009],[139.26581,35.50085],[139.26585,35.50071],[139.26593,35.5006],[139.26649,35.50026],[139.26663,35.50025],[139.26683,35.50035],[139.26696,35.50037],[139.26716,35.50035],[139.26731,35.50024],[139.26753,35.4999],[139.26767,35.49984]],[[139.27221,35.50315],[139.27218,35.50313],[139.27212,35.5028],[139.27215,35.50223],[139.27201,35.50171],[139.27185,35.50148],[139.27165,35.50132],[139.27148,35.50118],[139.27138,35.5009],[139.2711,35.50076],[139.2707,35.50093],[139.27054,35.50079],[139.27032,35.50067],[139.26993,35.50068],[139.26979,35.50029],[139.26954,35.50012],[139.26902,35.50008],[139.26881,35.49987],[139.26863,35.49995],[139.26852,35.50023],[139.26808,35.49998],[139.26767,35.49984]],[[139.27232,35.50318],[139.27221,35.50315]],[[139.26937,35.50692],[139.26948,35.50673],[139.26964,35.50652],[139.27046,35.50603],[139.27084,35.50596],[139.27118,35.5059],[139.27155,35.50578],[139.27171,35.50583],[139.27219,35.50618],[139.27234,35.50619],[139.27247,35.50613],[139.27274,35.50573],[139.27287,35.50559],[139.27302,35.50557],[139.27326,35.50567],[139.27346,35.50567],[139.27359,35.50559],[139.27367,35.50547],[139.2737,35.50507],[139.27378,35.50495],[139.27391,35.50485],[139.27389,35.5047],[139.27368,35.5043],[139.27365,35.50415],[139.27385,35.50408],[139.27439,35.50402],[139.27471,35.50414],[139.27534,35.50439],[139.27561,35.50435],[139.27574,35.50427],[139.27577,35.50413],[139.27565,35.50355],[139.27559,35.50333],[139.27565,35.50323],[139.276,35.5031],[139.27644,35.50292],[139.2765,35.5028],[139.27647,35.50267],[139.27621,35.50259],[139.27563,35.50246],[139.27517,35.50213],[139.27479,35.50187],[139.27461,35.50171],[139.27461,35.50152],[139.27455,35.50125],[139.2745,35.50101],[139.27439,35.50098],[139.27434,35.50106],[139.27443,35.50131],[139.27445,35.50154],[139.2743,35.50166],[139.27419,35.50175],[139.27414,35.50189],[139.2742,35.50205],[139.27446,35.50223],[139.27466,35.5025],[139.2746,35.50271],[139.27432,35.50288],[139.27411,35.50294],[139.27382,35.50286],[139.2732,35.50257],[139.27302,35.50255],[139.27281,35.50296],[139.27261,35.50315],[139.27237,35.50318],[139.27232,35.50318]],[[139.26917,35.50707],[139.26926,35.50702],[139.26933,35.50697],[139.26937,35.50692]],[[139.26915,35.50719],[139.26923,35.50715],[139.26957,35.50698],[139.26993,35.50705],[139.27041,35.50719]],[[139.27041,35.50719],[139.27064,35.50717],[139.27108,35.50715]],[[139.27108,35.50715],[139.27124,35.5072],[139.27198,35.50723],[139.27239,35.50736],[139.27297,35.50736],[139.2737,35.50739],[139.27391,35.50737],[139.27429,35.50743],[139.27465,35.50751],[139.27487,35.50738],[139.27516,35.50722],[139.27544,35.50729],[139.27569,35.50731],[139.27596,35.50767],[139.27625,35.50799],[139.27675,35.50859],[139.27716,35.50939],[139.27727,35.51],[139.27721,35.51063],[139.27709,35.5108],[139.27686,35.5113],[139.27716,35.51162],[139.27734,35.51183],[139.27767,35.51198],[139.27836,35.51236],[139.27889,35.51256],[139.2794,35.51292],[139.27951,35.5132],[139.27956,35.51318],[139.27961,35.51318],[139.27971,35.51327],[139.27982,35.51318],[139.27976,35.51303]],[[139.27976,35.51303],[139.27986,35.51292],[139.28025,35.51251]],[[139.28025,35.51251],[139.28033,35.51269],[139.2804,35.51262],[139.28043,35.5126],[139.28042,35.51267],[139.28043,35.51282],[139.28046,35.51298],[139.28088,35.51328],[139.28114,35.51349],[139.28181,35.5137],[139.28218,35.51397],[139.28242,35.51411],[139.28248,35.51412],[139.28256,35.51418],[139.2826,35.51417],[139.28258,35.51413],[139.28256,35.51409],[139.2826,35.51408],[139.28263,35.51405],[139.28273,35.5141],[139.28287,35.5141],[139.28291,35.51404],[139.28307,35.51406],[139.28319,35.51407],[139.28331,35.51409],[139.28341,35.51403],[139.28348,35.51404],[139.28348,35.51403],[139.28348,35.514],[139.2835,35.51401]],[[139.2835,35.51401],[139.28353,35.51402],[139.2836,35.51401],[139.28364,35.51398],[139.28369,35.514],[139.28372,35.51403],[139.28376,35.51408],[139.28384,35.51407],[139.28391,35.51409],[139.28407,35.5142],[139.28415,35.51421],[139.28418,35.51411],[139.28419,35.51399],[139.28416,35.51395],[139.28424,35.51396],[139.28449,35.51409],[139.2847,35.51424],[139.28476,35.51431],[139.28478,35.51438],[139.28478,35.51451],[139.28473,35.51462],[139.28478,35.51473],[139.28506,35.5148],[139.28506,35.51504],[139.28499,35.51528],[139.28493,35.51529],[139.28487,35.51535],[139.28499,35.51538],[139.28511,35.51542],[139.28516,35.51535],[139.28531,35.51534],[139.28547,35.51531],[139.28565,35.51536],[139.28598,35.51541],[139.28622,35.51536],[139.28629,35.51542],[139.2866,35.51549],[139.2871,35.51561],[139.28732,35.51572],[139.28757,35.51615],[139.28761,35.51635],[139.28794,35.51658],[139.28813,35.5168],[139.2882,35.51713],[139.28837,35.51734],[139.28858,35.5174],[139.28879,35.51756],[139.28912,35.51772],[139.28946,35.51807],[139.28951,35.5181]],[[139.28951,35.5181],[139.28967,35.5181]],[[139.28967,35.5181],[139.28974,35.51812],[139.29002,35.51831],[139.29019,35.51849],[139.29045,35.51855],[139.29065,35.5189]],[[139.29084,35.51906],[139.29078,35.51901],[139.2907,35.51896],[139.29065,35.5189]],[[139.29215,35.52006],[139.29201,35.51993],[139.29084,35.51906]],[[139.29236,35.52119],[139.29241,35.52104],[139.29243,35.52066],[139.29223,35.52017],[139.29215,35.52006]],[[139.29234,35.52125],[139.29235,35.52123],[139.29236,35.52119]],[[139.29226,35.52156],[139.29233,35.52131],[139.29234,35.52127],[139.29234,35.52125]],[[139.29223,35.52165],[139.29226,35.52156]],[[139.29201,35.52231],[139.29212,35.52201],[139.29223,35.52167],[139.29223,35.52165]],[[139.29201,35.52231],[139.29199,35.5223]],[[139.29199,35.5223],[139.29192,35.52246]],[[139.29192,35.52246],[139.2919,35.52252]],[[139.2919,35.52252],[139.29207,35.52254],[139.29268,35.5226],[139.29343,35.52271],[139.29388,35.52307],[139.29528,35.52403],[139.29538,35.52421],[139.29543,35.52445],[139.29621,35.52448],[139.29659,35.52445],[139.29719,35.52419],[139.29799,35.5241],[139.29863,35.52396],[139.29908,35.52371],[139.29964,35.52394],[139.30053,35.52417],[139.3013,35.52426],[139.30168,35.52436]],[[139.30172,35.52438],[139.30168,35.52436]],[[139.30271,35.52643],[139.30267,35.52634],[139.30255,35.52566],[139.30194,35.52455],[139.30172,35.52438]],[[139.30268,35.52649],[139.3027,35.52645],[139.30271,35.52643]],[[139.30244,35.52755],[139.30246,35.52747],[139.30268,35.52649]],[[139.30243,35.52764],[139.30244,35.52758],[139.30244,35.52755]],[[139.30164,35.52765],[139.30221,35.52764],[139.30234,35.52764],[139.30243,35.52764]],[[139.30005,35.52817],[139.30022,35.52819],[139.30077,35.52814],[139.30126,35.5279],[139.30162,35.52767],[139.30164,35.52765]],[[139.29865,35.52879],[139.29865,35.5288],[139.2993,35.52876],[139.2998,35.52851],[139.30002,35.52835],[139.30005,35.52817]],[[139.29855,35.52878],[139.29865,35.52879]],[[139.29769,35.529],[139.29779,35.529],[139.29836,35.52877],[139.29855,35.52878]],[[139.29769,35.529],[139.29767,35.52907],[139.29759,35.52927],[139.29743,35.52954]],[[139.29743,35.52954],[139.29738,35.52962]],[[139.29738,35.52962],[139.29737,35.52964],[139.29698,35.52973],[139.29695,35.52982],[139.29729,35.52979],[139.29712,35.53003],[139.2973,35.53011],[139.29736,35.53032],[139.29717,35.53037],[139.29727,35.53057],[139.29749,35.53043],[139.29771,35.53054],[139.29736,35.53075]],[[139.29736,35.53075],[139.29729,35.53075],[139.29669,35.53177],[139.29656,35.5322],[139.29617,35.53248],[139.29533,35.53288],[139.29489,35.53307],[139.29471,35.5333]],[[139.29471,35.5333],[139.29491,35.53342]],[[139.29491,35.53342],[139.29484,35.53358],[139.29462,35.53399],[139.29446,35.53435]],[[139.29431,35.53494],[139.29446,35.53435]],[[139.29431,35.53494],[139.29412,35.53487]],[[139.29364,35.53723],[139.29371,35.53698],[139.29405,35.53582],[139.29412,35.53487]],[[139.29196,35.5379],[139.29221,35.53766],[139.29275,35.53754],[139.2931,35.53759],[139.29331,35.53752],[139.29364,35.53723]],[[139.29196,35.5379],[139.2918,35.5379],[139.29169,35.53791],[139.29125,35.53803]],[[139.29125,35.53803],[139.29121,35.53804]],[[139.29121,35.53804],[139.29117,35.53805],[139.29107,35.53801],[139.29092,35.53786],[139.2907,35.53785],[139.29031,35.538],[139.28831,35.53886],[139.28781,35.53908],[139.28739,35.53922],[139.28687,35.53947],[139.28641,35.53994],[139.28554,35.54062],[139.28531,35.54088],[139.28525,35.54116],[139.28504,35.54158],[139.28487,35.5416],[139.28452,35.54154],[139.28401,35.54186],[139.28319,35.54236],[139.28264,35.5426],[139.28223,35.5429]],[[139.27984,35.54613],[139.28006,35.54583],[139.28045,35.54535],[139.28071,35.54488],[139.28093,35.5444],[139.28113,35.54407],[139.2814,35.5438],[139.28163,35.54351],[139.28196,35.54312],[139.28223,35.5429]],[[139.27652,35.54827],[139.27667,35.54836],[139.27683,35.54833],[139.27706,35.54812],[139.2774,35.54784],[139.27781,35.54756],[139.27803,35.54749],[139.27845,35.54745],[139.27877,35.54741],[139.27926,35.5477],[139.27948,35.54768],[139.27955,35.54753],[139.27947,35.54693],[139.27947,35.54663],[139.27984,35.54613]],[[139.2732,35.5498],[139.27345,35.54959],[139.27375,35.54945],[139.27437,35.54928],[139.27474,35.54905],[139.27515,35.54894],[139.27554,35.54879],[139.27603,35.54875],[139.27619,35.54864],[139.27613,35.54828],[139.27629,35.54813],[139.27652,35.54827]],[[139.26812,35.55239],[139.26831,35.55236],[139.2692,35.55207],[139.26988,35.55187],[139.27039,35.55192],[139.27071,35.552],[139.27103,35.55204],[139.2714,35.55192],[139.2717,35.55183],[139.27174,35.55134],[139.27182,35.55089],[139.27217,35.55061],[139.27244,35.55037],[139.27275,35.55011],[139.2732,35.5498]],[[139.26776,35.55296],[139.26788,35.55285],[139.26812,35.55239]],[[139.2668,35.5544],[139.26689,35.55417],[139.2674,35.55319],[139.26776,35.55296]],[[139.26527,35.55499],[139.26538,35.55493],[139.26591,35.55463],[139.26673,35.55443],[139.2668,35.5544]],[[139.26276,35.55608],[139.26301,35.55593],[139.2637,35.55557],[139.26431,35.5553],[139.2646,35.55517],[139.26499,35.55508],[139.26527,35.55499]],[[139.26158,35.55571],[139.26179,35.55579],[139.26221,35.55586],[139.26244,35.55591],[139.26276,35.55608]],[[139.26116,35.55639],[139.26129,35.55617],[139.26158,35.55571]],[[139.26107,35.55656],[139.26116,35.55639]]]},"properties":{"name":"大野山（谷峨〜山北・北条武田合戦場のみち）","area":"tanzawa"}},{"type":"Feature","geometry":{"type":"MultiLineString","coordinates":[[[139.14153,35.44385],[139.14162,35.44382],[139.14133,35.44341],[139.1413,35.44267],[139.14113,35.44214],[139.14145,35.44158],[139.14177,35.44051],[139.14215,35.43966],[139.14179,35.43918],[139.14184,35.43873],[139.14185,35.4381],[139.14137,35.43761],[139.14142,35.43707],[139.14138,35.43629],[139.14124,35.43539],[139.14148,35.43509],[139.14171,35.43468],[139.14211,35.43423],[139.14262,35.43382],[139.14291,35.43328],[139.14298,35.43266],[139.14309,35.43185],[139.14346,35.43149],[139.14358,35.43093],[139.14402,35.43092],[139.14444,35.4309],[139.14461,35.43138],[139.14536,35.43129],[139.14562,35.43155],[139.14596,35.4314],[139.1465,35.43168],[139.14759,35.43171],[139.14819,35.43155],[139.14875,35.43153],[139.149,35.43186],[139.14943,35.432]],[[139.15553,35.42736],[139.15547,35.42739],[139.15523,35.42739],[139.15515,35.42719],[139.15525,35.42689],[139.15507,35.42663],[139.15483,35.42658],[139.15464,35.42676],[139.15459,35.42709],[139.15423,35.42731],[139.15341,35.42731],[139.15299,35.42725],[139.15244,35.42715],[139.15197,35.42731],[139.15192,35.42768],[139.15208,35.42796],[139.1517,35.42892],[139.15121,35.43011],[139.1511,35.43047],[139.15105,35.43083],[139.15123,35.43119],[139.15106,35.43153],[139.15023,35.43177],[139.14997,35.43198],[139.14957,35.43194],[139.14943,35.432]],[[139.15749,35.42469],[139.15749,35.42473],[139.15721,35.42487],[139.15689,35.42511],[139.15631,35.4252],[139.15574,35.42535],[139.15584,35.42621],[139.15603,35.42657],[139.15602,35.42678],[139.15568,35.42721],[139.15553,35.42736]],[[139.15855,35.42345],[139.15837,35.42417],[139.15815,35.42437],[139.15802,35.42459],[139.15758,35.42467],[139.15749,35.42469]],[[139.15757,35.41984],[139.15757,35.41988],[139.15775,35.42012],[139.15833,35.42053],[139.15896,35.42114],[139.15896,35.42128],[139.1587,35.4213],[139.15829,35.42106],[139.15751,35.42073],[139.15697,35.42096],[139.15667,35.42114],[139.15652,35.42134],[139.15675,35.42167],[139.15695,35.42201],[139.15694,35.42274],[139.15712,35.42288],[139.15761,35.4229],[139.15788,35.42313],[139.15817,35.4235],[139.15855,35.42345]],[[139.15602,35.40941],[139.15585,35.4097],[139.15577,35.41016],[139.15624,35.41061],[139.15647,35.4108],[139.15647,35.41105],[139.15651,35.41132],[139.15681,35.41138],[139.15681,35.41155],[139.15682,35.41176],[139.1572,35.41214],[139.15731,35.41232],[139.1575,35.41244],[139.15782,35.41252],[139.1581,35.4125],[139.15831,35.41269],[139.15778,35.41278],[139.15715,35.41292],[139.15707,35.41314],[139.15698,35.41353],[139.15721,35.41414],[139.15746,35.41444],[139.15763,35.41489],[139.15786,35.41551],[139.15795,35.41575],[139.15808,35.41587],[139.15799,35.41622],[139.15802,35.41659],[139.15811,35.41681],[139.15842,35.41694],[139.15864,35.41705],[139.15834,35.41728],[139.15817,35.41747],[139.15825,35.41771],[139.15849,35.41782],[139.15892,35.41806],[139.1588,35.41825],[139.1585,35.41831],[139.15862,35.41841],[139.15885,35.41855],[139.15865,35.41874],[139.15858,35.41909],[139.15844,35.41905],[139.15832,35.41883],[139.15804,35.4187],[139.15775,35.41912],[139.15778,35.41931],[139.15798,35.41968],[139.15774,35.41978],[139.15757,35.41984]],[[139.1594,35.40628],[139.15933,35.40638],[139.15871,35.40687],[139.15843,35.40695],[139.15783,35.40733],[139.15753,35.40753],[139.15729,35.40771],[139.15696,35.40792],[139.15703,35.40825],[139.15647,35.40857],[139.15633,35.40873],[139.15624,35.40906],[139.15602,35.40941]],[[139.16038,35.40525],[139.15997,35.40546],[139.15953,35.406],[139.1594,35.40628]],[[139.16102,35.40475],[139.16088,35.40488],[139.16038,35.40525]],[[139.16038,35.40525],[139.16038,35.40526],[139.16026,35.40544],[139.16022,35.4058],[139.16006,35.40626],[139.16012,35.40654],[139.1603,35.40658],[139.16043,35.40653],[139.16081,35.40582],[139.16106,35.40558],[139.16138,35.40546],[139.16169,35.40534],[139.16193,35.40507],[139.16266,35.40479],[139.16305,35.40473],[139.16362,35.40484],[139.16398,35.40525]]]},"properties":{"name":"鍋割山稜（後沢乗越〜鍋割山〜塔ノ岳）","area":"tanzawa"}},{"type":"Feature","geometry":{"type":"MultiLineString","coordinates":[[[139.16857,35.54558],[139.16878,35.54507],[139.16834,35.54409],[139.16826,35.54389],[139.16815,35.54355],[139.16765,35.54294],[139.16753,35.54239],[139.16699,35.54171],[139.16622,35.54077],[139.16602,35.54037],[139.16606,35.5401],[139.16642,35.54017],[139.16643,35.53998],[139.16616,35.53971],[139.16624,35.53954],[139.16603,35.53925],[139.1658,35.53913]],[[139.1658,35.53913],[139.16491,35.5391]],[[139.16491,35.5391],[139.1645,35.53904],[139.16426,35.53891]],[[139.16426,35.53891],[139.16412,35.53884],[139.16373,35.53832],[139.16357,35.53812]],[[139.16357,35.53812],[139.16345,35.53799],[139.16235,35.53673],[139.16109,35.53597],[139.16046,35.53528],[139.16051,35.53525]],[[139.16051,35.53525],[139.1605,35.53512],[139.15962,35.53437],[139.15743,35.53225],[139.15683,35.53117],[139.15572,35.53095],[139.15479,35.53079],[139.15427,35.53034]],[[139.15427,35.53034],[139.15392,35.53003],[139.15251,35.52911],[139.15205,35.52865]],[[139.15205,35.52865],[139.15196,35.52863],[139.15043,35.52786],[139.14941,35.52688],[139.1488,35.52542],[139.1488,35.52389]],[[139.1488,35.52389],[139.14887,35.52373],[139.14885,35.52345],[139.14875,35.52326]],[[139.14875,35.52326],[139.14859,35.52325],[139.14745,35.52198],[139.14674,35.52143],[139.14563,35.52039],[139.14548,35.52019]],[[139.14548,35.52019],[139.1446,35.51895],[139.14304,35.51769],[139.14081,35.51502],[139.14058,35.5146]],[[139.14058,35.5146],[139.14041,35.51436],[139.1381,35.51248],[139.13718,35.512],[139.136,35.51173],[139.1343,35.51099],[139.13407,35.5108]],[[139.13407,35.5108],[139.13383,35.51059],[139.13355,35.50997],[139.1328,35.50939],[139.13272,35.50934]],[[139.13272,35.50934],[139.13268,35.50938],[139.13224,35.50935],[139.13201,35.50935],[139.13179,35.50947],[139.13143,35.50954],[139.13064,35.50967],[139.13002,35.50985],[139.12957,35.51],[139.12856,35.51021],[139.12743,35.5101],[139.12719,35.51009],[139.12694,35.5102],[139.12662,35.51039],[139.12638,35.51034]],[[139.12638,35.51034],[139.12629,35.51033],[139.12605,35.51015],[139.12609,35.50995],[139.12578,35.5094],[139.12533,35.50939],[139.12512,35.50922],[139.12473,35.50908],[139.12386,35.50861],[139.12304,35.50831],[139.12277,35.50824],[139.12261,35.50819],[139.12238,35.5082],[139.12199,35.50821],[139.12174,35.50832],[139.12101,35.50842],[139.1208,35.50851],[139.12018,35.50876],[139.11972,35.50873],[139.11938,35.50864],[139.11841,35.50858],[139.11821,35.50848],[139.11804,35.50843],[139.11775,35.50847],[139.11747,35.50848],[139.1171,35.5084],[139.11685,35.50834],[139.11659,35.50825],[139.11629,35.50821],[139.11603,35.50809],[139.11592,35.5081]],[[139.11592,35.5081],[139.11577,35.50818],[139.11538,35.50855],[139.11517,35.50925],[139.11502,35.50917],[139.11489,35.50923],[139.11479,35.50925],[139.11474,35.50941],[139.11458,35.50937],[139.11442,35.50939],[139.1143,35.50946],[139.11414,35.50943],[139.11338,35.50958],[139.11287,35.50962],[139.11236,35.50975],[139.11174,35.50971],[139.11074,35.50993],[139.1103,35.51007],[139.10982,35.51038],[139.10955,35.5106],[139.10932,35.51054]],[[139.10932,35.51054],[139.10934,35.51042],[139.10869,35.51034],[139.10819,35.51025],[139.10768,35.51002],[139.10736,35.51002]],[[139.10736,35.51002],[139.10719,35.50998],[139.1067,35.50953],[139.10642,35.50939],[139.10601,35.50896],[139.10541,35.50842],[139.10488,35.50801],[139.10353,35.50687],[139.10263,35.50629],[139.10122,35.50562],[139.10088,35.50538],[139.10038,35.50543],[139.09995,35.50545],[139.09954,35.50538],[139.09896,35.50529],[139.09837,35.50524],[139.09863,35.5049],[139.09865,35.50481],[139.09832,35.50472],[139.09859,35.50458],[139.09881,35.50443],[139.09888,35.50398],[139.09909,35.50383],[139.09908,35.50376]],[[139.09908,35.50376],[139.09879,35.50332]],[[139.09879,35.50332],[139.09874,35.50327],[139.09867,35.50334],[139.09848,35.50323]],[[139.1008,35.50195],[139.10069,35.50196],[139.10037,35.50206],[139.1001,35.50197],[139.09971,35.50203],[139.09953,35.50222],[139.09927,35.50261],[139.09883,35.50284],[139.09854,35.50316],[139.09835,35.50328],[139.0979,35.50307],[139.0972,35.5028],[139.09677,35.50284],[139.09626,35.50286]],[[139.09626,35.50286],[139.09617,35.50284]],[[139.09617,35.50284],[139.09585,35.50278]],[[139.09585,35.50278],[139.09574,35.50277],[139.09566,35.5028]],[[139.09566,35.5028],[139.09556,35.50285],[139.09528,35.50326],[139.09533,35.50357],[139.09517,35.50381],[139.09435,35.50369],[139.09352,35.50342],[139.093,35.50341],[139.09212,35.50361],[139.09181,35.50384]],[[139.09181,35.50384],[139.09162,35.50401],[139.09129,35.50444],[139.09128,35.50451]],[[139.09128,35.50451],[139.09087,35.50431],[139.09074,35.50446]],[[139.09074,35.50446],[139.0907,35.50441],[139.09046,35.50433],[139.0899,35.50408],[139.08956,35.5039],[139.08925,35.50344],[139.08859,35.50316],[139.08801,35.50295]],[[139.08801,35.50295],[139.08747,35.50279],[139.08673,35.50233],[139.08646,35.50214],[139.0866,35.50186],[139.08644,35.50128],[139.08587,35.50104],[139.08527,35.5007],[139.08494,35.50048],[139.08463,35.50056],[139.08416,35.5006],[139.0837,35.50059],[139.08278,35.50036],[139.08213,35.49971],[139.08148,35.49941]],[[139.08148,35.49941],[139.08125,35.49928],[139.08077,35.49875],[139.08048,35.49859],[139.08023,35.49838],[139.07995,35.49834],[139.07983,35.49812],[139.0799,35.49789],[139.07937,35.49728],[139.07874,35.49685],[139.07853,35.49654],[139.07831,35.4964],[139.07807,35.49619],[139.07769,35.496],[139.0773,35.49558],[139.07706,35.4957],[139.07713,35.49524],[139.07717,35.49518]],[[139.07712,35.49513],[139.07717,35.49518]],[[139.07712,35.49513],[139.07706,35.49508]]]},"properties":{"name":"東海自然歩道 西丹沢区間（畦ヶ丸・犬越路）","area":"tanzawa"}},{"type":"Feature","geometry":{"type":"MultiLineString","coordinates":[[[139.13068,36.04227],[139.13041,36.04229],[139.13002,36.04233]],[[139.13002,36.04233],[139.12959,36.04238]],[[139.12959,36.04238],[139.129,36.04265]],[[139.129,36.04265],[139.12889,36.04248],[139.12881,36.04211],[139.12872,36.04193]],[[139.12872,36.04193],[139.12858,36.04189],[139.12837,36.04204],[139.12824,36.04207],[139.12783,36.04195],[139.12776,36.0421],[139.12798,36.04251],[139.12786,36.04272],[139.1275,36.04268],[139.12714,36.04312],[139.12692,36.04337],[139.127,36.04367],[139.12688,36.04401],[139.12669,36.04399],[139.12653,36.04377],[139.12622,36.04364],[139.12591,36.04364]],[[139.12714,36.04312],[139.12721,36.04331],[139.1274,36.04372],[139.12738,36.04401],[139.12754,36.04421]],[[139.12738,36.04401],[139.12742,36.04423]],[[139.12742,36.04423],[139.12741,36.04438],[139.12786,36.04497]],[[139.12696,36.04623],[139.12723,36.04597],[139.12768,36.04578],[139.12769,36.04547],[139.12786,36.04497]],[[139.12847,36.04575],[139.12847,36.0459],[139.12836,36.04614],[139.12795,36.04684],[139.1287,36.04693],[139.12886,36.04696]],[[139.12886,36.04696],[139.1295,36.04706]],[[139.1301,36.04749],[139.12977,36.04725],[139.12955,36.04705],[139.1295,36.04706]],[[139.12977,36.04725],[139.12959,36.04728]],[[139.12948,36.04731],[139.12959,36.04728]],[[139.12797,36.04767],[139.1281,36.04748],[139.12873,36.04722],[139.12911,36.04713],[139.12948,36.04731]],[[139.12817,36.04868],[139.12816,36.04854],[139.12805,36.04784],[139.12797,36.04767]],[[139.12845,36.04969],[139.1285,36.04966],[139.12871,36.04944],[139.12825,36.04919],[139.12808,36.04893],[139.12817,36.04868]],[[139.12809,36.04564],[139.12786,36.04556],[139.12784,36.04558]],[[139.12847,36.04575],[139.12831,36.04573],[139.12809,36.04564]],[[139.12779,36.05075],[139.12795,36.05078],[139.12843,36.05063],[139.12857,36.05033],[139.1283,36.04995],[139.12845,36.04969]],[[139.12779,36.05075],[139.12773,36.05093],[139.12775,36.05105]],[[139.12218,36.05159],[139.1225,36.05154],[139.12359,36.05139],[139.12434,36.05119],[139.12495,36.05145],[139.12571,36.05145],[139.12618,36.0516],[139.12733,36.05136],[139.12775,36.05105]],[[139.12218,36.05159],[139.12193,36.05161],[139.12181,36.05161]],[[139.12142,36.05199],[139.12147,36.05193],[139.12152,36.0517],[139.12153,36.05155],[139.12181,36.05161]],[[139.12181,36.05267],[139.12178,36.05261],[139.12153,36.0523],[139.12145,36.05204],[139.12142,36.05199]],[[139.12179,36.05302],[139.12181,36.05267]],[[139.12002,36.05408],[139.12002,36.054],[139.12036,36.05389],[139.12067,36.05417],[139.12112,36.05421],[139.1215,36.05386],[139.12168,36.05352],[139.12179,36.05302]],[[139.12002,36.05408],[139.11998,36.05411],[139.12002,36.0543],[139.12012,36.05441]],[[139.11988,36.0545],[139.11996,36.05451],[139.12012,36.05441]],[[139.11526,36.05355],[139.11527,36.05323],[139.11569,36.05328],[139.1161,36.05386],[139.11694,36.05462],[139.11789,36.0555],[139.11903,36.05527],[139.11974,36.05497],[139.11988,36.0545]],[[139.11526,36.05355],[139.11534,36.0536],[139.11536,36.05367],[139.11532,36.05376]],[[139.11536,36.05466],[139.11535,36.05384],[139.11532,36.05376]],[[139.11499,36.05465],[139.11524,36.05464],[139.11531,36.05465],[139.11536,36.05466]],[[139.11499,36.05465],[139.115,36.0549]],[[139.11432,36.05475],[139.11433,36.05483],[139.11438,36.05505],[139.11504,36.0549],[139.11494,36.0547],[139.11432,36.05475]],[[139.11378,36.05587],[139.11372,36.0557],[139.11387,36.0556],[139.11464,36.05503]],[[139.11372,36.05589],[139.11378,36.05587]],[[139.11372,36.05589],[139.11381,36.05596],[139.11396,36.0562],[139.11391,36.05631]],[[139.11391,36.05631],[139.11375,36.05665],[139.11375,36.05669],[139.11364,36.05687]],[[139.11163,36.06402],[139.11201,36.06364],[139.11303,36.06304],[139.11328,36.06247],[139.11301,36.06228],[139.11259,36.06202],[139.11189,36.06169],[139.11195,36.06112],[139.11204,36.06068],[139.1126,36.05967],[139.11259,36.05921],[139.113,36.05802],[139.11332,36.05761],[139.11364,36.05687]],[[139.10605,36.07442],[139.10626,36.07437],[139.10644,36.07437]],[[139.10626,36.07437],[139.10623,36.07425],[139.10635,36.07396],[139.10668,36.07344],[139.10661,36.0728],[139.107,36.07262],[139.10713,36.0724],[139.10742,36.07191],[139.10693,36.07105],[139.10722,36.07099]],[[139.10722,36.07099],[139.10727,36.07091]],[[139.10727,36.07091],[139.10729,36.07082],[139.10727,36.07052],[139.1077,36.07031],[139.10801,36.06975],[139.10881,36.06966],[139.10857,36.06887],[139.10882,36.06856],[139.10892,36.06823],[139.10958,36.0676],[139.11033,36.067],[139.111,36.06546],[139.1116,36.06435],[139.11163,36.06402]],[[139.10542,36.07514],[139.10558,36.075],[139.1058,36.07468],[139.10605,36.07442]],[[139.10581,36.07607],[139.10594,36.07598],[139.10611,36.07552],[139.10552,36.07517],[139.10542,36.07514]],[[139.10142,36.07068],[139.10154,36.07087],[139.10267,36.07198],[139.10316,36.07249],[139.10351,36.07287],[139.10435,36.07378],[139.10511,36.07494],[139.10539,36.07537],[139.10578,36.076],[139.10583,36.07669]],[[139.10583,36.07669],[139.10607,36.07694]],[[139.10607,36.07694],[139.10604,36.07705],[139.10613,36.07724]],[[139.10613,36.07724],[139.10622,36.07728]],[[139.10616,36.07766],[139.10617,36.07763],[139.10617,36.07755],[139.10622,36.07728]]]},"properties":{"name":"美の山（皆野〜親鼻・関東ふれあいの道）","area":"chichibu"}},{"type":"Feature","geometry":{"type":"MultiLineString","coordinates":[[[139.22611,35.90889],[139.22597,35.9088],[139.22544,35.90866],[139.22536,35.90857],[139.22547,35.90851],[139.22607,35.90849]],[[139.22607,35.90849],[139.22646,35.90854]],[[139.22444,35.90858],[139.22475,35.90852],[139.22537,35.90847],[139.22539,35.90851]],[[139.2235,35.90885],[139.22369,35.90878],[139.22423,35.90863],[139.22444,35.90858]],[[139.22312,35.90923],[139.22314,35.90915],[139.22347,35.90887],[139.2235,35.90885]],[[139.22293,35.90937],[139.22298,35.90932],[139.22312,35.90923]],[[139.22293,35.90937],[139.22288,35.90936],[139.22245,35.90968],[139.22179,35.91046],[139.22167,35.91048]],[[139.22167,35.91048],[139.22146,35.91049]],[[139.22146,35.91049],[139.22141,35.91049],[139.22122,35.91083],[139.22092,35.91117]],[[139.2187,35.91266],[139.21912,35.91248],[139.21995,35.9126],[139.22027,35.91275],[139.2208,35.91208],[139.22101,35.91164],[139.22092,35.91117]],[[139.21691,35.91442],[139.21706,35.91413],[139.21793,35.91315],[139.2187,35.91266]],[[139.21691,35.91442],[139.21671,35.91426],[139.21605,35.91337],[139.21575,35.91298],[139.21536,35.91258],[139.21488,35.91208],[139.21449,35.91163],[139.21416,35.91126],[139.21387,35.91048],[139.21318,35.91017],[139.21268,35.91008],[139.21203,35.90995],[139.21119,35.90977],[139.21057,35.90945],[139.20999,35.90929],[139.20894,35.90921],[139.2083,35.90899],[139.20763,35.90924],[139.20703,35.9096],[139.20612,35.90952],[139.20574,35.90932],[139.20542,35.90944],[139.20487,35.90973],[139.2043,35.90938],[139.20317,35.90935],[139.20214,35.90932],[139.20149,35.9096],[139.20095,35.90969],[139.2001,35.90944],[139.1998,35.90924],[139.19942,35.90918],[139.19876,35.90914],[139.1985,35.90899],[139.19829,35.90878],[139.1978,35.90872],[139.19736,35.90871],[139.19666,35.90846],[139.19637,35.90837]],[[139.19637,35.90837],[139.19628,35.90826],[139.19537,35.90766],[139.19467,35.90731],[139.19428,35.90673],[139.19375,35.90663],[139.19364,35.90698],[139.19296,35.90686],[139.1924,35.90672],[139.19209,35.90683],[139.19155,35.90701],[139.19135,35.90683],[139.19103,35.90689],[139.19086,35.90674],[139.19073,35.90666]],[[139.19012,35.90622],[139.19019,35.90617],[139.19043,35.90594],[139.19108,35.90577],[139.19124,35.90581],[139.19117,35.90598],[139.19101,35.90607],[139.19074,35.90611],[139.19063,35.90625],[139.19066,35.90653],[139.19073,35.90666]],[[139.19012,35.90622],[139.19016,35.90629],[139.19,35.90651],[139.18959,35.90685],[139.18925,35.90714],[139.18887,35.90734]],[[139.18887,35.90734],[139.18881,35.90728],[139.18804,35.90739],[139.18773,35.90757]],[[139.16051,35.92681],[139.16038,35.92672],[139.16056,35.92566],[139.16006,35.92508],[139.1597,35.92355],[139.16004,35.9225],[139.15907,35.92099],[139.15949,35.91935],[139.15991,35.9179],[139.16088,35.91629],[139.1622,35.91484],[139.16403,35.91383],[139.16604,35.9125],[139.16792,35.91083],[139.16836,35.91023],[139.16959,35.91068],[139.1706,35.91139],[139.17214,35.91115],[139.17435,35.91164],[139.1759,35.91118],[139.17663,35.91095],[139.17741,35.91077],[139.17876,35.91071],[139.1802,35.91041],[139.18146,35.90952],[139.1827,35.90904],[139.18332,35.9085],[139.18443,35.90747],[139.18545,35.90697],[139.18626,35.90716],[139.18703,35.90746],[139.18773,35.90757]],[[139.15926,35.934],[139.15955,35.93343],[139.15992,35.93256],[139.16047,35.93125],[139.1604,35.93061],[139.16012,35.9299],[139.16046,35.92943],[139.16049,35.92902],[139.16033,35.9286],[139.16064,35.92815],[139.16089,35.92764],[139.16064,35.92694]],[[139.15926,35.934],[139.15919,35.93411],[139.15903,35.93465],[139.15939,35.93499],[139.1595,35.93585],[139.15924,35.93692],[139.15932,35.93768],[139.15974,35.93833],[139.15991,35.93882],[139.16074,35.93949],[139.16067,35.94009],[139.16036,35.94077],[139.16069,35.94153],[139.16085,35.94177],[139.16085,35.94181]],[[139.16085,35.94181],[139.16096,35.94176],[139.16107,35.94176],[139.16116,35.94187]],[[139.16116,35.94187],[139.1613,35.94175],[139.1619,35.94125],[139.16292,35.94099],[139.16361,35.94079],[139.16414,35.94069],[139.16529,35.94052],[139.16637,35.9399],[139.16748,35.93943],[139.16877,35.93891],[139.16932,35.93816],[139.16941,35.93803]],[[139.16941,35.93803],[139.16959,35.93783],[139.17016,35.93736],[139.17031,35.937],[139.17029,35.93674]],[[139.17029,35.93674],[139.17029,35.93671],[139.17091,35.93676],[139.17191,35.93635],[139.17198,35.93543]],[[139.17198,35.93543],[139.17195,35.93535]],[[139.17195,35.93535],[139.17193,35.93528],[139.17199,35.93517]],[[139.17199,35.93517],[139.17204,35.93506],[139.17303,35.935],[139.17375,35.93496],[139.17472,35.93509],[139.17559,35.93576],[139.17664,35.93588],[139.17759,35.93628]],[[139.17759,35.93628],[139.17768,35.9363]],[[139.17768,35.9363],[139.17806,35.93641],[139.17877,35.93651],[139.17988,35.93663],[139.18068,35.93689]],[[139.18068,35.93689],[139.18076,35.93693]],[[139.18076,35.93693],[139.18131,35.9372],[139.18232,35.93765]],[[139.18232,35.93765],[139.18237,35.93768]],[[139.18237,35.93768],[139.18245,35.93776]],[[139.18245,35.93776],[139.18263,35.93799]],[[139.18263,35.93799],[139.18269,35.93804],[139.18293,35.93809],[139.18349,35.93801]],[[139.18236,35.93821],[139.18269,35.93804]],[[139.18227,35.93831],[139.18236,35.93821]]]},"properties":{"name":"伊豆ヶ岳を越えるみち（正丸〜吾野）","area":"chichibu"}},{"type":"Feature","geometry":{"type":"MultiLineString","coordinates":[[[138.71383,35.93965],[138.71387,35.9396],[138.71397,35.93911],[138.71392,35.93886],[138.71365,35.93883],[138.71334,35.93915],[138.71342,35.93851],[138.71335,35.93798],[138.71324,35.93761],[138.71314,35.93714],[138.713,35.93678],[138.71281,35.93622],[138.71252,35.93585],[138.71229,35.93546],[138.71198,35.93503],[138.71176,35.93471],[138.71163,35.93461],[138.71146,35.93445]],[[138.7111,35.95421],[138.71124,35.95423],[138.71166,35.95416],[138.71213,35.95395],[138.71238,35.95382]],[[138.71336,35.95226],[138.71341,35.95217],[138.71355,35.95179],[138.71385,35.95113],[138.71376,35.95072],[138.71386,35.95038],[138.71394,35.94975],[138.71394,35.9494],[138.71436,35.94893],[138.71456,35.9486],[138.71457,35.94821],[138.71482,35.94776],[138.71508,35.94728],[138.71544,35.94679],[138.71555,35.9464],[138.71572,35.94584],[138.71581,35.94538],[138.71591,35.94489],[138.71608,35.94458],[138.71646,35.94427],[138.71684,35.94387],[138.7172,35.94372]],[[138.71051,35.93245],[138.71049,35.93239],[138.71032,35.93232],[138.7102,35.93205],[138.71009,35.93174],[138.70989,35.93161],[138.70952,35.93147],[138.70938,35.93119],[138.70916,35.93093],[138.70885,35.93066],[138.70845,35.93048],[138.70788,35.93033],[138.70777,35.92996],[138.70776,35.92961],[138.70771,35.92918],[138.70763,35.92886],[138.70752,35.9286],[138.70754,35.92814],[138.70765,35.92751],[138.70773,35.92724],[138.70775,35.92685],[138.70778,35.92647],[138.70792,35.92623],[138.70818,35.92604],[138.70844,35.92586],[138.70856,35.92561],[138.70884,35.92534],[138.70924,35.9252],[138.70954,35.92501],[138.70994,35.9248],[138.71014,35.92461],[138.71022,35.92441],[138.71041,35.92426],[138.71049,35.92384],[138.71058,35.92324],[138.71064,35.923],[138.71076,35.92279]],[[138.7166,35.94281],[138.71654,35.94277],[138.7163,35.94259],[138.71589,35.9424],[138.71557,35.94229],[138.71531,35.94223],[138.71502,35.94222],[138.71475,35.94228],[138.71445,35.9422],[138.71401,35.94197],[138.71384,35.94173],[138.71354,35.94137],[138.71338,35.94107],[138.71327,35.94075],[138.71334,35.94047],[138.71373,35.94008],[138.71361,35.93981],[138.71383,35.93965]],[[138.7172,35.94372],[138.71719,35.94362],[138.71715,35.94331],[138.71698,35.94315],[138.71677,35.9429],[138.7166,35.94281]],[[138.71391,35.91486],[138.71416,35.91479],[138.71463,35.91455],[138.71502,35.91426],[138.71558,35.91397],[138.71603,35.91385],[138.71658,35.91396],[138.71833,35.91383],[138.71879,35.91371],[138.71944,35.91346],[138.71944,35.91339]],[[138.71223,35.91529],[138.7123,35.9153]],[[138.71099,35.93339],[138.71099,35.93336],[138.71101,35.93304],[138.71092,35.93283],[138.71063,35.9327],[138.71052,35.93247]],[[138.71237,35.91529],[138.71244,35.91527],[138.71296,35.9151],[138.71329,35.91518],[138.71348,35.91498],[138.71391,35.91486]],[[138.71076,35.92279],[138.71073,35.92273],[138.7106,35.9223],[138.71048,35.92195],[138.71016,35.92123],[138.71013,35.92076],[138.71012,35.92061]],[[138.71965,35.9129],[138.71969,35.91282],[138.71985,35.91247],[138.72036,35.91219],[138.72107,35.91176],[138.72137,35.91145],[138.72179,35.91099],[138.72208,35.91075]],[[138.70964,35.91727],[138.70966,35.91718],[138.71015,35.91697],[138.71053,35.91676],[138.71108,35.91651],[138.71169,35.91586],[138.71194,35.91553],[138.71221,35.91528]],[[138.71052,35.93247],[138.71051,35.93245]],[[138.71235,35.91528],[138.71237,35.91529]],[[138.71965,35.91295],[138.71965,35.9129]],[[138.71221,35.91528],[138.71223,35.91529]],[[138.71097,35.93343],[138.71099,35.93339]],[[138.71964,35.91296],[138.71965,35.91295]],[[138.71224,35.91527],[138.71235,35.91528]],[[138.71221,35.91528],[138.71224,35.91527]],[[138.71944,35.91339],[138.71946,35.91331]],[[138.71103,35.93365],[138.71103,35.93362]],[[138.7123,35.9153],[138.71237,35.91529]],[[138.71012,35.92061],[138.71007,35.92057],[138.71009,35.92023],[138.70995,35.91971],[138.70983,35.91933],[138.70984,35.91898],[138.70975,35.91868],[138.70951,35.91849],[138.70911,35.91811],[138.70912,35.91789],[138.70947,35.91743],[138.70964,35.91727]],[[138.71946,35.91331],[138.71959,35.91298],[138.71964,35.91296]],[[138.71103,35.93362],[138.711,35.93354],[138.71097,35.93343]],[[138.71146,35.93445],[138.71137,35.9343],[138.71132,35.93398],[138.71108,35.93372],[138.71103,35.93365]]]},"properties":{"name":"甲武信ヶ岳・千曲川源流遊歩道（毛木平）","area":"chichibu"}},{"type":"Feature","geometry":{"type":"MultiLineString","coordinates":[[[135.58421,34.37619],[135.5839,34.37631],[135.58346,34.37662],[135.58284,34.37673],[135.58226,34.37664],[135.58161,34.37653],[135.58106,34.37634],[135.58094,34.37631]],[[135.65839,34.38857],[135.65842,34.38858],[135.65952,34.3899],[135.65976,34.39102],[135.66013,34.39156],[135.6609,34.3918],[135.66146,34.39196],[135.6619,34.39253]],[[135.65115,34.38311],[135.65137,34.38309],[135.65274,34.38333],[135.65408,34.38327],[135.65469,34.38345],[135.65554,34.38379],[135.65543,34.38447],[135.65548,34.38509],[135.65602,34.3855],[135.65632,34.38611],[135.6577,34.38708],[135.65807,34.38777]],[[135.68197,34.44378],[135.68198,34.44392],[135.68181,34.44401],[135.68158,34.44395],[135.68135,34.44412],[135.68127,34.4444],[135.68147,34.44471],[135.68194,34.44487],[135.68191,34.44498],[135.68198,34.44517],[135.68206,34.44545],[135.68223,34.44555],[135.68287,34.44626],[135.68379,34.44663],[135.68408,34.44675]],[[135.65807,34.38777],[135.65803,34.38784],[135.65745,34.38803],[135.65775,34.38826],[135.65839,34.38857]],[[135.56493,34.3741],[135.56512,34.37396],[135.56612,34.37368],[135.56698,34.37352],[135.56707,34.37366],[135.5672,34.37381],[135.56733,34.37354],[135.56748,34.37326],[135.56766,34.37307],[135.56785,34.37298],[135.56815,34.37291],[135.56841,34.37301],[135.56873,34.37313],[135.56898,34.37324],[135.56924,34.3733],[135.56952,34.37328],[135.56974,34.37312],[135.56981,34.37299],[135.56979,34.37286],[135.56966,34.37256],[135.56946,34.37236],[135.56938,34.37224],[135.56939,34.37211],[135.56956,34.37202],[135.5696,34.37184],[135.56966,34.37156],[135.56974,34.37136],[135.56977,34.37112],[135.56982,34.37097],[135.56979,34.37077],[135.56977,34.37066],[135.57019,34.37077],[135.57039,34.37088]],[[135.55307,34.37429],[135.55249,34.37423],[135.55143,34.37407],[135.55072,34.37408],[135.54994,34.37425],[135.54925,34.37405],[135.54835,34.37407],[135.54757,34.37415],[135.5466,34.37375],[135.54606,34.37374],[135.54549,34.37391]],[[135.64954,34.38356],[135.6495,34.38365],[135.64886,34.3846],[135.64894,34.3853],[135.64894,34.38593],[135.64948,34.3864],[135.64974,34.38673],[135.65033,34.38661],[135.65013,34.38702],[135.64913,34.38759],[135.64754,34.38799],[135.64657,34.38891],[135.64587,34.38944],[135.64585,34.3895]],[[135.55503,34.37432],[135.55509,34.37432],[135.55536,34.37419],[135.55557,34.37402],[135.55588,34.37407],[135.55623,34.37411],[135.55653,34.37432],[135.55706,34.37438],[135.55785,34.3742],[135.55832,34.37397],[135.55907,34.37409],[135.55965,34.37427],[135.55987,34.37429],[135.56017,34.37425],[135.56056,34.37429],[135.56103,34.37448],[135.56148,34.3746],[135.56182,34.37469],[135.56209,34.37482],[135.56231,34.37468],[135.56298,34.37454],[135.56362,34.37446],[135.56418,34.37417],[135.5643,34.37415]],[[135.68314,34.45655],[135.68315,34.45673],[135.68322,34.45724],[135.68296,34.45779],[135.68281,34.45853],[135.68256,34.45903],[135.68252,34.45936]],[[135.68606,34.45244],[135.68611,34.45241],[135.68687,34.4524],[135.68695,34.4522],[135.68691,34.45184],[135.68713,34.45148],[135.68685,34.4508],[135.68691,34.45036]],[[135.68252,34.45936],[135.68253,34.4599],[135.68237,34.46039],[135.68209,34.46087],[135.68207,34.46147],[135.68212,34.46231],[135.68209,34.46266],[135.68249,34.46341],[135.68262,34.46389],[135.68242,34.46451],[135.68236,34.46476]],[[135.68194,34.44357],[135.68194,34.44361],[135.6819,34.44368],[135.68197,34.44378]],[[135.68353,34.45584],[135.68352,34.45569],[135.68371,34.45512],[135.68395,34.45474]],[[135.68233,34.46489],[135.68229,34.46501],[135.68237,34.46539],[135.68251,34.46574],[135.68243,34.46621],[135.68227,34.46658],[135.68225,34.46683]],[[135.68289,34.46953],[135.68289,34.46951],[135.68268,34.46902],[135.68277,34.4686],[135.68294,34.46807],[135.6825,34.46731],[135.68225,34.46683]],[[135.68373,34.42998],[135.68382,34.4299],[135.68361,34.42967],[135.68363,34.42944],[135.68415,34.4295],[135.68429,34.42963],[135.68483,34.43026],[135.68526,34.43039],[135.68548,34.43071],[135.686,34.43034],[135.68681,34.43051],[135.6874,34.43051]],[[135.67561,34.41805],[135.67564,34.41808],[135.67622,34.41812],[135.67657,34.41835],[135.6774,34.4185],[135.67756,34.41857]],[[135.67626,34.41772],[135.67639,34.41755],[135.67657,34.41724],[135.67657,34.41683],[135.67638,34.41643],[135.67615,34.41631],[135.67581,34.41613],[135.67595,34.41596],[135.67644,34.41573],[135.67675,34.41585],[135.67736,34.41581],[135.67762,34.4156],[135.67792,34.41548],[135.67796,34.4154]],[[135.67796,34.4154],[135.67795,34.41536],[135.67761,34.41506],[135.67767,34.41478],[135.67768,34.41429],[135.67772,34.41378],[135.67794,34.41355],[135.678,34.41345]],[[135.678,34.41345],[135.67805,34.41335],[135.6782,34.41295],[135.67817,34.41245],[135.67786,34.41187],[135.67794,34.41149],[135.6782,34.41131]],[[135.6782,34.41131],[135.67829,34.41127],[135.67868,34.41115],[135.67894,34.41085],[135.67893,34.41051],[135.67928,34.41015],[135.6794,34.40991],[135.67959,34.40973],[135.67997,34.40964],[135.68009,34.40948],[135.6801,34.40945]],[[135.68148,34.44364],[135.6814,34.44356],[135.68078,34.4434],[135.68018,34.44318],[135.67972,34.44273],[135.67996,34.44226],[135.68033,34.44198],[135.68041,34.44166],[135.68021,34.44131],[135.68038,34.44091],[135.68025,34.44059],[135.67976,34.43998],[135.67964,34.43968],[135.67974,34.43943],[135.68033,34.43924],[135.6806,34.4391],[135.6809,34.43868],[135.68093,34.43848]],[[135.68093,34.43848],[135.68088,34.43834],[135.68046,34.43771],[135.68014,34.43745],[135.68033,34.43713],[135.68063,34.43682],[135.68106,34.43658],[135.68122,34.43633]],[[135.68122,34.43633],[135.68125,34.43617],[135.68144,34.43595],[135.68156,34.43574]],[[135.68156,34.43574],[135.68162,34.43539],[135.68176,34.43492],[135.68207,34.43449],[135.68219,34.43417],[135.68213,34.43389],[135.68213,34.43333],[135.68183,34.4329],[135.68162,34.43253],[135.68172,34.43207],[135.68212,34.43175],[135.68261,34.43168],[135.68303,34.43165],[135.68329,34.43126],[135.68357,34.4308],[135.68364,34.43046],[135.68384,34.43024],[135.68373,34.42998]],[[135.6874,34.43051],[135.68745,34.43039],[135.68734,34.4302],[135.68732,34.43002],[135.6874,34.42973],[135.68747,34.42938],[135.68741,34.42912],[135.68751,34.42861],[135.68759,34.42825],[135.68733,34.42788]],[[135.68733,34.42788],[135.68729,34.42779],[135.6871,34.42741],[135.68734,34.42704],[135.68732,34.42683],[135.68725,34.42657],[135.68695,34.42625],[135.68658,34.42591],[135.68612,34.42545],[135.6859,34.42521],[135.68566,34.42509],[135.68557,34.42472],[135.68557,34.42437],[135.68538,34.42409],[135.68524,34.42378],[135.68522,34.42342],[135.68521,34.42309],[135.68523,34.42301]],[[135.68523,34.42301],[135.6852,34.42295],[135.68475,34.42281],[135.68441,34.42267],[135.68374,34.42221],[135.68306,34.42208],[135.68278,34.42174],[135.68261,34.42172],[135.68244,34.42145],[135.6824,34.42134]],[[135.6824,34.42134],[135.68239,34.4213],[135.68203,34.42116],[135.68151,34.42108],[135.6809,34.42098],[135.68041,34.42048],[135.68019,34.42021],[135.67998,34.41997],[135.67973,34.41963]],[[135.67973,34.41963],[135.67969,34.41962],[135.67929,34.4196],[135.67925,34.41959]],[[135.67926,34.41959],[135.67916,34.41955],[135.6786,34.41918],[135.6781,34.41882],[135.67756,34.41857]],[[135.6801,34.40945],[135.68014,34.40942],[135.68027,34.40925],[135.68028,34.40885],[135.68019,34.40852]],[[135.68019,34.40852],[135.68016,34.40844],[135.68011,34.40827],[135.6801,34.40821]],[[135.6801,34.40821],[135.68006,34.40811],[135.67963,34.40757],[135.67851,34.40731],[135.67828,34.40727]],[[135.67828,34.40727],[135.67816,34.40719],[135.67742,34.4065],[135.67656,34.40597],[135.67614,34.40551]],[[135.67614,34.40551],[135.67611,34.40541]],[[135.67611,34.40541],[135.67612,34.4053],[135.67637,34.40433],[135.67626,34.40337],[135.67634,34.40305]],[[135.67634,34.40305],[135.67653,34.40262],[135.67664,34.40165],[135.67651,34.40061],[135.67645,34.4004]],[[135.67645,34.4004],[135.67642,34.40016],[135.67625,34.39967],[135.67608,34.39906],[135.6747,34.39912],[135.67417,34.39898],[135.67381,34.39879],[135.67284,34.39868],[135.67244,34.39858],[135.67192,34.39839],[135.67161,34.39815],[135.67123,34.39837],[135.67112,34.39846]],[[135.67112,34.39846],[135.67107,34.39847],[135.67073,34.3983],[135.67041,34.3983],[135.66995,34.39815],[135.66961,34.39799],[135.6693,34.39776],[135.66884,34.39762],[135.66834,34.3977],[135.66784,34.39778],[135.66755,34.39781],[135.66735,34.3977]],[[135.66735,34.3977],[135.66728,34.39764],[135.66675,34.39742],[135.6664,34.39712],[135.66601,34.397],[135.66535,34.39706],[135.66491,34.39711],[135.66439,34.39734],[135.66408,34.39728],[135.66371,34.39703],[135.66355,34.39652],[135.66352,34.39615],[135.66347,34.39557],[135.66334,34.39524],[135.66314,34.3946],[135.66307,34.39439]],[[135.66307,34.39439],[135.66303,34.39424],[135.66282,34.39352],[135.66241,34.39313],[135.66205,34.39257],[135.6619,34.39253]],[[135.58094,34.37631],[135.58068,34.37629],[135.57967,34.37616],[135.57895,34.37589],[135.57855,34.37562],[135.57775,34.37558],[135.57731,34.37528],[135.57693,34.37495],[135.57642,34.37454],[135.57591,34.37369],[135.57494,34.37358],[135.57493,34.37358]]]},"properties":{"name":"ダイヤモンドトレール（金剛山周辺）","area":"osaka"}},{"type":"Feature","geometry":{"type":"MultiLineString","coordinates":[[[135.65096,34.41876],[135.65121,34.41861],[135.65234,34.41787],[135.65274,34.41732],[135.65331,34.41693],[135.65343,34.41683]],[[135.65343,34.41683],[135.65367,34.41669],[135.65418,34.41625],[135.6544,34.41583],[135.6547,34.41554]],[[135.6547,34.41554],[135.65484,34.41559],[135.65507,34.41582],[135.65602,34.41572],[135.6566,34.41611],[135.65714,34.41625],[135.65753,34.41647],[135.65787,34.41646],[135.6583,34.41656],[135.65878,34.41668],[135.6596,34.41715],[135.66017,34.41717],[135.66019,34.41731]],[[135.66019,34.41731],[135.66025,34.41733],[135.66089,34.41715],[135.66157,34.41743],[135.6619,34.41773],[135.66268,34.41757],[135.66286,34.41766],[135.66312,34.41783],[135.66358,34.41791],[135.66407,34.41787],[135.66398,34.41811],[135.66456,34.41805],[135.66514,34.41774],[135.66565,34.41784],[135.66662,34.41806],[135.66718,34.41817],[135.66746,34.41821]],[[135.66686,34.41809],[135.66722,34.41808],[135.66746,34.41821]],[[135.66746,34.41821],[135.66753,34.41826],[135.66785,34.41849],[135.66865,34.41884],[135.66924,34.41897],[135.66969,34.41912]],[[135.66748,34.41818],[135.66753,34.41813],[135.66775,34.41822],[135.66802,34.41837],[135.66811,34.41849],[135.66842,34.41865],[135.669,34.4186],[135.66956,34.41854],[135.66946,34.41877],[135.6698,34.41883],[135.66971,34.41902],[135.66969,34.41912]],[[135.66969,34.41912],[135.66973,34.41915],[135.67004,34.41949],[135.67038,34.42012],[135.67038,34.42014]],[[135.66969,34.41905],[135.66973,34.41905],[135.67012,34.41916],[135.67051,34.41933],[135.67056,34.41951]],[[135.67034,34.42022],[135.67051,34.42033],[135.67089,34.4205],[135.67098,34.42053]],[[135.67038,34.42014],[135.67034,34.42022]],[[135.66965,34.41908],[135.66969,34.41905]]]},"properties":{"name":"金剛山 千早本道","area":"osaka"}},{"type":"Feature","geometry":{"type":"MultiLineString","coordinates":[[[135.54174,34.89802],[135.54178,34.89805],[135.542,34.89811],[135.54214,34.89822],[135.54242,34.89829],[135.54302,34.89841],[135.54352,34.89855],[135.5439,34.8987],[135.54406,34.89867],[135.5441,34.89843],[135.54428,34.89831],[135.54448,34.8981],[135.54461,34.898],[135.54489,34.89822],[135.54503,34.89829],[135.5455,34.89804],[135.54602,34.89804],[135.54633,34.89828],[135.5467,34.89865],[135.54705,34.89871],[135.5472,34.89876]],[[135.55397,34.89485],[135.5541,34.89475],[135.55525,34.89343],[135.55557,34.89318],[135.55595,34.89303]],[[135.55397,34.89485],[135.55388,34.89485],[135.55353,34.89487],[135.55318,34.89448],[135.55293,34.89427],[135.55261,34.8942],[135.5526,34.89392],[135.55255,34.89348],[135.55227,34.89339],[135.55208,34.893],[135.55198,34.89298]],[[135.55198,34.89298],[135.552,34.89304],[135.55203,34.89324]],[[135.55203,34.89324],[135.55176,34.89347],[135.55153,34.89399],[135.55149,34.89453],[135.55128,34.89493],[135.55093,34.8953],[135.5509,34.89579]],[[135.5509,34.89579],[135.55078,34.89596],[135.55076,34.89649],[135.55065,34.897],[135.55005,34.89752],[135.55003,34.89761]],[[135.55003,34.89761],[135.54968,34.89783],[135.54934,34.89819],[135.54877,34.89913],[135.54829,34.89943]],[[135.54829,34.89943],[135.54816,34.89938],[135.54768,34.89912],[135.54716,34.89882],[135.5469,34.89871]],[[135.56045,34.89703],[135.56078,34.89689],[135.5609,34.89677],[135.56099,34.8966]],[[135.55989,34.89524],[135.56003,34.89522],[135.56064,34.89539],[135.56065,34.89618],[135.56045,34.89703]],[[135.55787,34.89567],[135.55815,34.89553],[135.55846,34.89549],[135.55871,34.89564],[135.56005,34.89549],[135.56002,34.89526],[135.55989,34.89524]],[[135.55787,34.89567],[135.55743,34.8956],[135.55739,34.89529],[135.55749,34.89487],[135.55733,34.89446],[135.5572,34.89401],[135.55782,34.89387],[135.55782,34.89377]],[[135.55718,34.89307],[135.55723,34.8931],[135.55768,34.8936],[135.55782,34.89377]],[[135.55595,34.89303],[135.55605,34.89319],[135.55649,34.89337],[135.55683,34.89326],[135.55718,34.89307]],[[135.56643,34.90011],[135.56641,34.90015],[135.56607,34.9003],[135.56579,34.90032]],[[135.56579,34.90032],[135.56522,34.90049],[135.56457,34.90066],[135.56412,34.90064]],[[135.56152,34.89826],[135.56162,34.89845],[135.56217,34.89893],[135.56285,34.89923],[135.56397,34.90043],[135.56412,34.90064]],[[135.56097,34.89701],[135.56095,34.89709],[135.56078,34.89762],[135.56126,34.89824],[135.56152,34.89826]],[[135.56097,34.89678],[135.56097,34.89701]],[[135.57146,34.89852],[135.5712,34.89843],[135.57065,34.89851],[135.57011,34.89907],[135.56954,34.89915],[135.56894,34.89923],[135.56771,34.89916],[135.56678,34.89921],[135.5666,34.89946],[135.56652,34.89997],[135.56644,34.90008]],[[135.56938,34.89528],[135.56938,34.89537],[135.56922,34.89585],[135.56944,34.89645],[135.56986,34.89677],[135.57041,34.89692],[135.57079,34.8972],[135.57114,34.89771],[135.57146,34.89852]],[[135.52696,34.90139],[135.52687,34.90125],[135.52645,34.90112],[135.52601,34.90091],[135.52545,34.90016],[135.52517,34.9],[135.52493,34.90002]],[[135.52489,34.89549],[135.52528,34.89648],[135.52558,34.89784],[135.52587,34.8991],[135.52498,34.8998],[135.52493,34.90002]],[[135.52489,34.89549],[135.52516,34.8954]],[[135.52469,34.89503],[135.52458,34.89535],[135.52484,34.89541],[135.52516,34.8954]],[[135.52469,34.89503],[135.52457,34.89499],[135.52435,34.89478],[135.52406,34.8945]],[[135.53377,34.89894],[135.53386,34.89885],[135.53428,34.89868],[135.53479,34.89863],[135.53507,34.89879],[135.53548,34.89882],[135.536,34.89879],[135.53649,34.89872],[135.53666,34.89844],[135.53674,34.89788],[135.53698,34.89786],[135.53718,34.8976],[135.53743,34.89747]],[[135.53743,34.89747],[135.538,34.89764],[135.53843,34.89781],[135.53867,34.89791]],[[135.53867,34.89791],[135.53889,34.89752],[135.53892,34.89748],[135.53896,34.89741]],[[135.54205,34.89591],[135.54199,34.89595],[135.54187,34.89615],[135.54141,34.8963],[135.54059,34.89672],[135.54042,34.89695],[135.5403,34.89704],[135.53985,34.89712],[135.5391,34.8974],[135.53896,34.89741]],[[135.5421,34.8959],[135.5425,34.89597],[135.54284,34.89592],[135.5432,34.89599],[135.54395,34.89578],[135.54426,34.89597],[135.54422,34.89616],[135.54335,34.89662],[135.54253,34.89677],[135.54262,34.8971],[135.54256,34.89736],[135.54235,34.89748],[135.54213,34.89745],[135.54198,34.89741],[135.54169,34.89781],[135.54174,34.89802]],[[135.51415,34.88344],[135.51411,34.88344],[135.51389,34.88375],[135.51366,34.884],[135.51344,34.88413],[135.51327,34.88424],[135.51318,34.88457],[135.51301,34.8848],[135.51274,34.88524],[135.51246,34.88536],[135.51246,34.88567],[135.51203,34.88614],[135.51203,34.88668],[135.51211,34.88694],[135.51188,34.88728],[135.51169,34.88798],[135.51168,34.8883]],[[135.51276,34.88713],[135.51276,34.88721],[135.51244,34.88743],[135.51211,34.88756],[135.51183,34.88779],[135.5118,34.88789]],[[135.514,34.88726],[135.51383,34.88702],[135.51357,34.88676],[135.51334,34.88663],[135.51276,34.88713]],[[135.5167,34.88678],[135.51669,34.88688],[135.5166,34.88708],[135.51647,34.88725],[135.51624,34.88738],[135.51595,34.88752],[135.51575,34.88776],[135.51563,34.88776],[135.51552,34.88759],[135.51542,34.88745],[135.51472,34.88765],[135.51447,34.88789],[135.51416,34.88805],[135.51405,34.88802],[135.514,34.8878],[135.51394,34.88767],[135.51401,34.88738],[135.514,34.88726]],[[135.51746,34.88587],[135.51736,34.88601],[135.51698,34.88644],[135.5167,34.88678]],[[135.51746,34.88587],[135.51768,34.88589],[135.51801,34.88593]],[[135.51919,34.88553],[135.51907,34.88555],[135.51823,34.88583],[135.51802,34.8859]],[[135.51919,34.88553],[135.51919,34.88557],[135.51909,34.88613],[135.51905,34.88642],[135.51922,34.88653]],[[135.51922,34.88653],[135.51932,34.88656],[135.5196,34.88686]],[[135.5196,34.88686],[135.5197,34.88709],[135.51977,34.88766],[135.5201,34.88801],[135.52037,34.88842],[135.52091,34.88871],[135.52119,34.88913],[135.52156,34.88928],[135.52175,34.88926],[135.52184,34.88917]],[[135.52184,34.88917],[135.52196,34.88921],[135.52237,34.88938],[135.52266,34.8894],[135.52334,34.88981],[135.52324,34.89008],[135.52333,34.89043]],[[135.52333,34.89043],[135.52324,34.8906],[135.52292,34.89119],[135.52298,34.89166],[135.52317,34.89234],[135.52324,34.89269],[135.52354,34.89301],[135.52374,34.89355],[135.52424,34.89388],[135.52431,34.8941],[135.52411,34.89444]],[[135.49719,34.87758],[135.49729,34.87754],[135.4981,34.87752],[135.49836,34.87769]],[[135.49719,34.87758],[135.49699,34.87768],[135.4965,34.87823],[135.49582,34.87888],[135.49554,34.87894]],[[135.49554,34.87894],[135.49551,34.87892],[135.49555,34.87838],[135.49528,34.8779],[135.49514,34.87758],[135.49536,34.87715],[135.49529,34.87682],[135.49516,34.87662],[135.49506,34.87627],[135.49455,34.87539],[135.49455,34.8751]],[[135.49324,34.87324],[135.4933,34.87335],[135.49381,34.87403],[135.49395,34.87461],[135.49455,34.8751]],[[135.49327,34.87202],[135.49331,34.87224],[135.49349,34.87273],[135.49333,34.87316],[135.49324,34.87324]],[[135.49363,34.87067],[135.49348,34.87095],[135.49341,34.8713],[135.49327,34.87202]],[[135.49363,34.87067],[135.49366,34.8706],[135.49339,34.86998],[135.4932,34.86916],[135.49264,34.86862],[135.49187,34.86814],[135.49076,34.86807],[135.49028,34.86792],[135.48967,34.8678],[135.48902,34.86772],[135.48842,34.86754]],[[135.48842,34.86754],[135.48799,34.86738],[135.48663,34.86676],[135.48589,34.86653]],[[135.48449,34.86659],[135.48455,34.86659],[135.48571,34.86651],[135.48589,34.86653]],[[135.48011,34.85963],[135.48012,34.85977],[135.4803,34.86042],[135.48075,34.86084],[135.48096,34.86125],[135.48083,34.8616],[135.4806,34.86204],[135.48071,34.86266],[135.48114,34.86305],[135.48125,34.86364],[135.48168,34.86412],[135.48229,34.86464],[135.48247,34.86529],[135.48257,34.86588],[135.48327,34.86583],[135.48354,34.86601],[135.4839,34.86655],[135.48449,34.86659]],[[135.47994,34.85889],[135.47999,34.85899],[135.4801,34.85954],[135.48011,34.85963]],[[135.47937,34.85818],[135.47944,34.85819],[135.47994,34.85889]],[[135.47913,34.85805],[135.47918,34.85809],[135.47931,34.85815],[135.47937,34.85818]],[[135.51433,34.88238],[135.51435,34.88246],[135.51433,34.88275],[135.51415,34.88344]],[[135.51211,34.88232],[135.51219,34.88238],[135.51252,34.88247],[135.51298,34.88224],[135.51324,34.88223],[135.51341,34.88235],[135.51378,34.88242],[135.51421,34.88244],[135.51433,34.88238]],[[135.49836,34.87769],[135.49847,34.87777],[135.4989,34.87789],[135.4994,34.87775],[135.49967,34.87746],[135.49975,34.87695],[135.49975,34.87618],[135.50001,34.87577],[135.5006,34.87534],[135.50113,34.87491],[135.50171,34.87449],[135.50248,34.87444],[135.50278,34.87462],[135.50315,34.87492],[135.50323,34.87522],[135.50337,34.87549],[135.50374,34.87579],[135.50376,34.87633],[135.50397,34.87666],[135.5043,34.87662],[135.50462,34.87623],[135.50502,34.87587],[135.50523,34.87552],[135.50535,34.8754],[135.50593,34.87562],[135.50657,34.87588],[135.50709,34.87614],[135.50762,34.87635],[135.50801,34.87697],[135.50801,34.87798],[135.50793,34.87847],[135.50755,34.87903],[135.5078,34.87929],[135.50819,34.87941],[135.50856,34.87958],[135.50876,34.87982],[135.50911,34.87984],[135.50965,34.87963],[135.5099,34.87974],[135.51017,34.87996],[135.51033,34.88025],[135.51055,34.8807],[135.5108,34.88077],[135.5112,34.8807],[135.51143,34.88089],[135.51132,34.88161],[135.51121,34.88191],[135.51169,34.88221],[135.51211,34.88232]],[[135.57609,34.89036],[135.57601,34.89053],[135.5757,34.89038],[135.57526,34.89043],[135.57483,34.89046],[135.57428,34.8902],[135.57397,34.89051],[135.57378,34.89109],[135.57316,34.89163],[135.57313,34.89198],[135.57263,34.89233],[135.57258,34.89268],[135.57251,34.89325],[135.57215,34.89352],[135.57182,34.89377],[135.57147,34.89396],[135.57094,34.89446],[135.57051,34.89472],[135.56996,34.89514],[135.56938,34.89528]],[[135.57639,34.8897],[135.57636,34.88977],[135.57625,34.89032],[135.57623,34.89037]],[[135.57995,34.88639],[135.5799,34.88646],[135.57908,34.88641],[135.57886,34.88646],[135.57892,34.88655],[135.57924,34.88663],[135.57931,34.88672],[135.57926,34.88678],[135.57893,34.88675],[135.57867,34.88674],[135.57861,34.88683],[135.57853,34.88715],[135.5783,34.88735],[135.57794,34.88743],[135.57761,34.88755],[135.577,34.88804],[135.57698,34.88826],[135.57691,34.88858],[135.577,34.88886],[135.57675,34.8892],[135.57659,34.88946],[135.57639,34.8897]],[[135.57995,34.88639],[135.58014,34.88645],[135.58042,34.88642],[135.58053,34.88622],[135.58065,34.88598],[135.58081,34.88565],[135.5809,34.88541],[135.58097,34.88517],[135.5808,34.88502],[135.58049,34.88493],[135.57984,34.88472],[135.57969,34.88449],[135.57958,34.88442],[135.57911,34.88431]],[[135.58705,34.88295],[135.587,34.88304],[135.58691,34.88324],[135.58682,34.88327],[135.58674,34.88332],[135.58668,34.88347],[135.58653,34.88358],[135.58604,34.88361],[135.58596,34.88324],[135.58566,34.88305],[135.58527,34.88263],[135.58492,34.88246],[135.58455,34.8824],[135.58404,34.88223],[135.58362,34.8822],[135.58327,34.88214],[135.58291,34.88201],[135.5825,34.8819],[135.58169,34.88186],[135.58136,34.88184],[135.58113,34.88209],[135.58084,34.88227],[135.58056,34.88234],[135.58048,34.8825],[135.58038,34.88261],[135.58026,34.88264],[135.58003,34.88278],[135.57994,34.88292],[135.57994,34.88308],[135.57996,34.88331],[135.57986,34.88337],[135.57972,34.88352],[135.57966,34.88362],[135.57971,34.88375],[135.57976,34.88383],[135.57962,34.88384],[135.5797,34.88392],[135.57972,34.88399],[135.57958,34.88396],[135.57955,34.88399],[135.57963,34.88411],[135.57959,34.88413],[135.57942,34.88408],[135.57934,34.8841],[135.57944,34.88419],[135.57957,34.88424],[135.57945,34.88427],[135.57919,34.8843],[135.57911,34.88431]],[[135.58705,34.88295],[135.58713,34.88296],[135.58757,34.88301],[135.58807,34.8831],[135.58847,34.88314],[135.58882,34.88321],[135.58916,34.88321],[135.58957,34.88302],[135.58978,34.88295],[135.58994,34.88293]],[[135.59324,34.88454],[135.59334,34.88458],[135.59382,34.88469],[135.59419,34.88486]],[[135.59419,34.88486],[135.59426,34.88496],[135.59485,34.88563],[135.5951,34.88593]],[[135.59854,34.88403],[135.59839,34.88407],[135.59724,34.88462],[135.59637,34.88525],[135.59576,34.8857],[135.5951,34.88593]],[[135.59854,34.88403],[135.59856,34.88506],[135.5989,34.88538],[135.59957,34.88572],[135.59996,34.88668],[135.60003,34.88686]],[[135.60405,34.89108],[135.604,34.89099],[135.60377,34.89074],[135.60357,34.89045],[135.60339,34.88995],[135.60285,34.88957],[135.60267,34.88911],[135.60233,34.8889],[135.60204,34.88854],[135.60158,34.88833],[135.60102,34.88795],[135.60073,34.8874],[135.60036,34.8871],[135.60003,34.88686]],[[135.60405,34.89108],[135.60429,34.89124],[135.60434,34.89136],[135.60431,34.89144]],[[135.6057,34.89152],[135.60513,34.89155],[135.60445,34.89148],[135.60431,34.89144]],[[135.6057,34.89152],[135.60573,34.89204],[135.60586,34.89221],[135.60633,34.89248],[135.60629,34.89265],[135.60611,34.8929],[135.60585,34.89317],[135.60567,34.89336],[135.60573,34.89354],[135.60645,34.894],[135.60663,34.8944]],[[135.60663,34.8944],[135.60672,34.89442],[135.60751,34.89439],[135.60773,34.89453],[135.60779,34.89478],[135.60808,34.89505],[135.60859,34.89556],[135.60905,34.89607],[135.60915,34.89634],[135.60887,34.8966],[135.60877,34.89674],[135.60878,34.89682],[135.60881,34.89686]],[[135.58994,34.88293],[135.59005,34.88289],[135.5906,34.88274],[135.59099,34.88288],[135.59139,34.88321],[135.59187,34.8834],[135.59228,34.8837],[135.59275,34.88422],[135.59301,34.88442]],[[135.60884,34.89689],[135.60887,34.89693],[135.60888,34.89694],[135.60889,34.89695]],[[135.60889,34.89695],[135.60903,34.89706]],[[135.60903,34.89706],[135.60904,34.89707],[135.60945,34.89741],[135.60967,34.89752],[135.61003,34.89757],[135.61068,34.89771],[135.61103,34.89765],[135.61126,34.89746],[135.61186,34.89703],[135.61213,34.89672],[135.61204,34.89629],[135.612,34.89593],[135.61219,34.89578],[135.61277,34.89575],[135.61311,34.89624],[135.61331,34.89655],[135.6135,34.89702],[135.61395,34.89749],[135.61422,34.89795],[135.6142,34.89823],[135.61412,34.89867],[135.61436,34.89907],[135.6146,34.89922],[135.61482,34.89969],[135.61484,34.89974]],[[135.61484,34.89974],[135.61488,34.89981],[135.61524,34.90023],[135.61551,34.90073],[135.61541,34.90152],[135.61545,34.90192],[135.61563,34.90199],[135.61584,34.90207],[135.61583,34.90243],[135.61591,34.90262],[135.61629,34.90277],[135.61639,34.90317],[135.61638,34.90372],[135.61652,34.90402],[135.617,34.90456],[135.61729,34.905],[135.61754,34.90539],[135.61744,34.9057],[135.61721,34.90635],[135.61706,34.9067],[135.61675,34.90695],[135.61644,34.90758],[135.61653,34.90806],[135.61659,34.90847],[135.61719,34.90931],[135.61725,34.90971],[135.61721,34.91022],[135.61724,34.91064],[135.61756,34.91099],[135.61757,34.91113],[135.61758,34.91151],[135.6175,34.91177],[135.61733,34.91202],[135.61699,34.91213],[135.61669,34.91228],[135.61651,34.91251],[135.6165,34.91275],[135.61637,34.91294],[135.6163,34.91305],[135.61607,34.91306],[135.61578,34.91327],[135.61549,34.91356],[135.61526,34.91366],[135.61489,34.91381],[135.61454,34.91382],[135.61409,34.91372],[135.6137,34.91363],[135.61345,34.91364],[135.61327,34.91374],[135.61319,34.91401],[135.6132,34.91443]]]},"properties":{"name":"東海自然歩道（箕面区間）","area":"osaka"}},{"type":"Feature","geometry":{"type":"MultiLineString","coordinates":[[[135.67146,34.67253],[135.67154,34.67255],[135.67181,34.6726],[135.67205,34.6727],[135.67218,34.67282],[135.67231,34.67281],[135.67258,34.67269],[135.67267,34.67289],[135.67279,34.67309],[135.67295,34.67318],[135.67302,34.67327],[135.67302,34.67343],[135.67312,34.67355],[135.67347,34.67355],[135.67373,34.67366],[135.67395,34.67383],[135.67427,34.67399],[135.67433,34.67408],[135.67409,34.67426],[135.67372,34.6745],[135.67378,34.67453],[135.67415,34.6744],[135.67448,34.67422],[135.67458,34.6742],[135.67447,34.6744],[135.67435,34.67457],[135.67444,34.67462],[135.67476,34.67464],[135.67508,34.67477],[135.67526,34.67483],[135.67547,34.675],[135.67568,34.67506],[135.67612,34.67503],[135.67631,34.67483],[135.67673,34.67478],[135.67684,34.67483],[135.67694,34.67509],[135.67698,34.67518]],[[135.67146,34.67253],[135.67135,34.67249]],[[135.66862,34.67146],[135.66867,34.67147],[135.66914,34.67154],[135.66975,34.67181],[135.67027,34.67206],[135.67056,34.67227],[135.67083,34.67232],[135.67129,34.67248],[135.67135,34.67249]],[[135.65859,34.67189],[135.65877,34.67194],[135.65932,34.67219],[135.6598,34.67201],[135.66006,34.67202],[135.66017,34.67215],[135.6606,34.67207],[135.66081,34.67187],[135.66076,34.6716],[135.66097,34.67145],[135.66156,34.67167],[135.66206,34.67158],[135.66245,34.67158],[135.66289,34.67152],[135.66316,34.67146],[135.66415,34.6714],[135.66475,34.67136],[135.66574,34.67116],[135.6663,34.67103],[135.66668,34.671],[135.66697,34.67116],[135.66721,34.67134],[135.6676,34.67143],[135.66812,34.67146],[135.66862,34.67146]]]},"properties":{"name":"生駒 摂河泉展望ハイキングコース","area":"osaka"}},{"type":"Feature","geometry":{"type":"MultiLineString","coordinates":[[[135.66764,34.65428],[135.66759,34.65429],[135.6675,34.65438],[135.66736,34.65441],[135.66725,34.65449],[135.66706,34.65449],[135.6668,34.65457],[135.66677,34.6546]],[[135.66677,34.6546],[135.66673,34.65463],[135.66659,34.65471],[135.66647,34.65476],[135.66634,34.65469],[135.66631,34.65482],[135.66616,34.65485],[135.66605,34.65495],[135.66585,34.65515],[135.6656,34.65516],[135.66543,34.65518],[135.66521,34.65526],[135.66506,34.65533],[135.66483,34.6555],[135.66435,34.65559],[135.66402,34.6557],[135.6635,34.65591],[135.66327,34.65594],[135.66325,34.65601]],[[135.66325,34.65601],[135.66322,34.65603]],[[135.66322,34.65603],[135.66316,34.65607],[135.66292,34.65614],[135.66275,34.65614],[135.66286,34.65607],[135.66274,34.65601],[135.66254,34.65609],[135.66224,34.65613],[135.662,34.65617],[135.66197,34.65614]],[[135.66197,34.65614],[135.66194,34.6561]],[[135.66194,34.6561],[135.66193,34.65609],[135.66172,34.65602],[135.66147,34.6559],[135.66127,34.65578],[135.66116,34.65586],[135.66077,34.6559],[135.6605,34.65591],[135.66062,34.65597],[135.66077,34.65603],[135.66067,34.65606],[135.66034,34.65604],[135.66021,34.65605],[135.65999,34.65595],[135.6597,34.65588],[135.65947,34.65588],[135.65949,34.65594],[135.65943,34.65597]],[[135.65943,34.65597],[135.65939,34.65598]],[[135.65939,34.65598],[135.65926,34.65599],[135.65872,34.65601],[135.65815,34.65617],[135.65776,34.65623],[135.65742,34.65622]],[[135.65662,34.65637],[135.6567,34.65635],[135.65713,34.65626],[135.65735,34.65624],[135.65742,34.65622]],[[135.65652,34.65637],[135.65662,34.65637]],[[135.65374,34.65666],[135.65392,34.65663],[135.65462,34.6567],[135.65524,34.65674],[135.65553,34.65669],[135.65581,34.65656],[135.65612,34.65654],[135.6563,34.65645],[135.65652,34.65637]]]},"properties":{"name":"生駒 なるかわ谷ハイキングコース","area":"osaka"}},{"type":"Feature","geometry":{"type":"MultiLineString","coordinates":[[[135.66676,34.66196],[135.66694,34.662],[135.66771,34.66227],[135.66811,34.66253]],[[135.66293,34.66133],[135.66294,34.66123],[135.66302,34.66109],[135.66305,34.6609],[135.66322,34.66092],[135.66343,34.661],[135.66373,34.6611],[135.66415,34.6612],[135.66446,34.66137],[135.66468,34.66146],[135.66494,34.66137],[135.66516,34.66135],[135.66553,34.66134],[135.66576,34.66161],[135.66621,34.66183],[135.66663,34.66192],[135.66676,34.66196]],[[135.66293,34.66133],[135.66277,34.66131]],[[135.65855,34.66208],[135.65865,34.66199],[135.65871,34.66208],[135.65877,34.66202],[135.65881,34.66196],[135.65891,34.66176],[135.65918,34.66177],[135.65935,34.66175],[135.6595,34.66179],[135.65958,34.66174],[135.65975,34.66157],[135.65987,34.66141],[135.66008,34.66113],[135.66041,34.66105],[135.6606,34.66098],[135.66072,34.66086],[135.66123,34.66087],[135.66152,34.66107],[135.66168,34.66126],[135.66176,34.66167],[135.66204,34.66175],[135.66221,34.66188],[135.66234,34.66192],[135.66259,34.6617],[135.66273,34.66144],[135.66277,34.66131]],[[135.65855,34.66208],[135.65836,34.66229],[135.65823,34.66234],[135.65783,34.6622],[135.65764,34.66215],[135.65746,34.66213],[135.65731,34.66205],[135.65713,34.66189],[135.65685,34.66175],[135.65658,34.66166],[135.65613,34.66158],[135.65554,34.66151],[135.65549,34.66138],[135.65553,34.66121],[135.6552,34.66128],[135.65482,34.6612],[135.65433,34.66111],[135.65411,34.66118],[135.6538,34.66114],[135.65363,34.66116],[135.65344,34.66115],[135.65335,34.66104],[135.65306,34.66101],[135.65236,34.66088],[135.65197,34.6608]]]},"properties":{"name":"生駒 客坊谷ハイキングコース","area":"osaka"}},{"type":"Feature","geometry":{"type":"MultiLineString","coordinates":[[[135.66503,34.66618],[135.66479,34.66617],[135.66442,34.66604],[135.66399,34.66603],[135.66369,34.66596],[135.66347,34.66589],[135.66318,34.66587],[135.66293,34.66578],[135.66271,34.66572],[135.66234,34.66572],[135.66208,34.66574],[135.66176,34.66579],[135.66142,34.66586],[135.66125,34.66597],[135.66085,34.6662],[135.6605,34.66618],[135.6598,34.66638],[135.6591,34.66668],[135.65877,34.66679],[135.65856,34.66701],[135.65883,34.66714],[135.65869,34.66753]],[[135.66502,34.66622],[135.66503,34.66618]],[[135.66502,34.66622],[135.66515,34.6662],[135.66562,34.666],[135.66606,34.66587],[135.66646,34.66544],[135.66652,34.66516],[135.66647,34.66484],[135.66643,34.66457],[135.66661,34.66432],[135.66695,34.66418],[135.66704,34.66416]],[[135.66704,34.66416],[135.66721,34.66408],[135.66741,34.66365],[135.66764,34.66332],[135.66791,34.66275],[135.66811,34.66253]]]},"properties":{"name":"生駒 神津嶽ハイキングコース","area":"osaka"}},{"type":"Feature","geometry":{"type":"MultiLineString","coordinates":[[[135.26536,34.77824],[135.26531,34.77831],[135.26529,34.77853],[135.26507,34.77892],[135.26493,34.77915],[135.26492,34.77941],[135.26478,34.77955],[135.26448,34.77963],[135.26375,34.77988],[135.26334,34.78025],[135.26307,34.78046],[135.26269,34.78058],[135.26204,34.78083],[135.26174,34.78091],[135.26143,34.78101],[135.26103,34.7811],[135.26067,34.78104],[135.26033,34.78081],[135.26,34.78088],[135.25946,34.78084],[135.25901,34.78105],[135.25854,34.78121],[135.25849,34.78159],[135.25794,34.7821],[135.25764,34.78245],[135.25731,34.78261],[135.25688,34.78269],[135.25676,34.78291],[135.2565,34.78307],[135.25602,34.7832],[135.25556,34.78344],[135.25529,34.7836],[135.25523,34.78387],[135.25554,34.78401],[135.25516,34.78396],[135.25513,34.78404],[135.25537,34.78425],[135.25555,34.78425],[135.25595,34.78433],[135.25592,34.78469],[135.25548,34.78538],[135.2553,34.78559],[135.25512,34.78584],[135.25496,34.78604],[135.255,34.78632],[135.25483,34.78656],[135.25488,34.78685],[135.25493,34.78711],[135.25497,34.78739],[135.25472,34.78771],[135.25427,34.78773],[135.25373,34.78781],[135.25322,34.7879],[135.25281,34.78803],[135.25251,34.78816],[135.25229,34.78807],[135.25215,34.78809],[135.25199,34.78829],[135.2518,34.7888],[135.25167,34.78904],[135.25195,34.78937],[135.252,34.78956],[135.2519,34.78956],[135.25164,34.78945],[135.25113,34.78937],[135.25102,34.78944],[135.25117,34.78943],[135.25137,34.78948],[135.25112,34.78951],[135.25096,34.78964],[135.25101,34.78969],[135.25118,34.78966],[135.25129,34.78994],[135.25113,34.79062],[135.25119,34.7908],[135.25148,34.7909],[135.25191,34.79106],[135.25191,34.79118]],[[135.26814,34.77186],[135.26796,34.77193],[135.26761,34.77189],[135.26758,34.77201],[135.26737,34.77218],[135.26715,34.77249],[135.26692,34.77292],[135.26676,34.77312],[135.26666,34.77342],[135.26627,34.77339],[135.26609,34.77349],[135.26602,34.77387],[135.26583,34.77419],[135.26558,34.77454],[135.26525,34.7746],[135.26551,34.77477],[135.26553,34.77515],[135.26566,34.77573],[135.26564,34.77616],[135.26572,34.77628],[135.26577,34.7763],[135.26603,34.77644],[135.26611,34.77671],[135.26624,34.7771],[135.26629,34.77722],[135.26622,34.77727],[135.26611,34.7774],[135.26613,34.77753],[135.26598,34.77768],[135.26579,34.77787],[135.26558,34.77787]],[[135.25191,34.79118],[135.25187,34.79118],[135.25137,34.79097],[135.25096,34.79081],[135.25093,34.79049],[135.25077,34.79042],[135.25052,34.79061],[135.25005,34.79108],[135.24961,34.79144],[135.24944,34.79167],[135.24958,34.79165],[135.24968,34.7916],[135.2496,34.79175],[135.24935,34.79186],[135.24881,34.79186],[135.24843,34.79187],[135.24812,34.79178],[135.24792,34.79165],[135.24784,34.79167],[135.24796,34.79182],[135.24822,34.79201],[135.2486,34.79214],[135.24909,34.79223],[135.24888,34.79229],[135.24857,34.7923]],[[135.28985,34.73553],[135.28981,34.73558],[135.28953,34.73593],[135.28885,34.73633]],[[135.26814,34.77186],[135.26826,34.77178],[135.26837,34.7716],[135.26843,34.77131],[135.26882,34.77117],[135.26901,34.77075],[135.26906,34.77041],[135.26939,34.77035],[135.26967,34.77021],[135.26995,34.77032],[135.26982,34.77014],[135.26983,34.7699],[135.26975,34.76961],[135.27032,34.76961],[135.2706,34.76948]]]},"properties":{"name":"魚屋道（六甲〜有馬）","area":"rokko"}},{"type":"Feature","geometry":{"type":"MultiLineString","coordinates":[[[135.19288,34.72056],[135.19287,34.72062],[135.19292,34.7208],[135.19299,34.72101],[135.19295,34.72124],[135.19309,34.72164],[135.19313,34.72172],[135.19322,34.72195],[135.19342,34.7221],[135.19353,34.72234],[135.19351,34.7224],[135.19369,34.72248],[135.19366,34.72265],[135.1937,34.72293],[135.19388,34.7231],[135.19397,34.72323],[135.1943,34.72351],[135.19451,34.72364],[135.1946,34.72377],[135.19465,34.72392],[135.19495,34.72394],[135.19522,34.72397],[135.19565,34.72391],[135.19599,34.72394],[135.19615,34.72393],[135.19637,34.72401],[135.19663,34.72412]],[[135.18783,34.72037],[135.18791,34.72034],[135.18796,34.72028],[135.18815,34.72026],[135.18822,34.72029],[135.18837,34.72034],[135.18866,34.72043],[135.18891,34.72056],[135.18898,34.72049],[135.18911,34.72043],[135.1892,34.72038],[135.18933,34.72044],[135.18941,34.7204],[135.18957,34.7205],[135.18986,34.72069],[135.19019,34.721],[135.19056,34.72105],[135.19081,34.72099],[135.19121,34.72095],[135.1914,34.72093],[135.19171,34.72086],[135.19203,34.72082],[135.19222,34.72072],[135.19257,34.72063],[135.19278,34.72061],[135.19288,34.72056]]]},"properties":{"name":"天狗道（摩耶山）","area":"rokko"}},{"type":"Feature","geometry":{"type":"MultiLineString","coordinates":[[[135.18724,34.73281],[135.18728,34.73277],[135.18736,34.73194],[135.18771,34.7311],[135.18772,34.73053],[135.18762,34.73009],[135.18727,34.7298],[135.18638,34.72921],[135.18659,34.72832],[135.1865,34.72789]],[[135.18683,34.72724],[135.18683,34.72723],[135.18748,34.72718]],[[135.18683,34.72728],[135.18683,34.72724]],[[135.18655,34.72787],[135.18658,34.72786],[135.18676,34.72748],[135.18683,34.72728]],[[135.18744,34.72706],[135.18744,34.72705],[135.18757,34.72663],[135.18744,34.72619],[135.18749,34.72559],[135.18741,34.72552]],[[135.1865,34.72789],[135.18655,34.72787]]]},"properties":{"name":"トゥエンティクロス（六甲）","area":"rokko"}},{"type":"Feature","geometry":{"type":"MultiLineString","coordinates":[[[135.44261,34.34744],[135.44234,34.34733],[135.44153,34.34713],[135.44127,34.34716],[135.44103,34.34744],[135.44096,34.34761],[135.44078,34.34783],[135.44051,34.34786],[135.44,34.34785],[135.43964,34.34769],[135.43933,34.34765],[135.43903,34.34775],[135.43856,34.34791],[135.43824,34.348],[135.4379,34.34813],[135.43757,34.34826],[135.43735,34.34821],[135.43707,34.34807],[135.43683,34.3481],[135.43664,34.34821],[135.43652,34.3484],[135.4364,34.34842]],[[135.45303,34.34959],[135.45294,34.3495],[135.45257,34.34929],[135.4521,34.34895],[135.4513,34.34898],[135.45089,34.34931],[135.4504,34.34949],[135.44969,34.34938],[135.44891,34.34912],[135.44833,34.34913],[135.44777,34.3493],[135.44747,34.34925],[135.44716,34.34886],[135.44671,34.34854],[135.44631,34.34836],[135.44579,34.34814],[135.44519,34.34786],[135.44459,34.34758],[135.44406,34.34752]],[[135.44406,34.34752],[135.44398,34.34752],[135.44371,34.34739],[135.44347,34.34733],[135.44277,34.34745],[135.44261,34.34744]],[[135.45997,34.34688],[135.45995,34.34689],[135.45958,34.34688],[135.45861,34.34658],[135.45781,34.34673],[135.45677,34.34697]],[[135.45677,34.34697],[135.45654,34.34697],[135.45584,34.34697],[135.45525,34.34694],[135.45536,34.34742],[135.45561,34.34796],[135.45508,34.34846],[135.45485,34.3487],[135.45468,34.34908],[135.45428,34.34941],[135.4538,34.34954],[135.45332,34.34971],[135.45303,34.34959]],[[135.46717,34.34491],[135.46705,34.34498],[135.46701,34.34522],[135.46696,34.34548],[135.46662,34.34558],[135.46601,34.34574],[135.46531,34.34606],[135.46458,34.34624],[135.46405,34.34683],[135.46354,34.34733],[135.46304,34.34721],[135.46233,34.34708],[135.46164,34.34683],[135.46075,34.34697],[135.46024,34.34689],[135.46002,34.34686],[135.45997,34.34688]]]},"properties":{"name":"葛城修験の道（犬鳴・和泉葛城）","area":"osaka"}},{"type":"Feature","geometry":{"type":"MultiLineString","coordinates":[[[135.63892,34.92088],[135.63875,34.92104],[135.63843,34.92143]],[[135.63896,34.9199],[135.63896,34.91979],[135.63899,34.91973],[135.6391,34.91936]],[[135.64398,34.89398],[135.64395,34.89399],[135.64372,34.89417],[135.64334,34.89493],[135.64302,34.89533],[135.64224,34.89542],[135.64194,34.89558],[135.64165,34.89562],[135.64098,34.8958],[135.64012,34.89626],[135.63953,34.89646],[135.63919,34.89682],[135.63854,34.89711]],[[135.63891,34.91604],[135.63889,34.91594],[135.63922,34.91547]],[[135.63895,34.91622],[135.63891,34.91604]],[[135.63888,34.91851],[135.63887,34.91843],[135.63848,34.91771],[135.63861,34.91736],[135.63878,34.91663],[135.63895,34.91622]],[[135.6389,34.91852],[135.63888,34.91851]],[[135.63913,34.91922],[135.63911,34.91903],[135.6389,34.91852]],[[135.6391,34.91936],[135.63913,34.91922]],[[135.63825,34.92152],[135.63815,34.92181],[135.63806,34.92236],[135.63832,34.92281],[135.6384,34.9229]],[[135.6383,34.92146],[135.63825,34.92152]],[[135.63832,34.92146],[135.6383,34.92146]],[[135.63843,34.92143],[135.63832,34.92146]],[[135.63846,34.92297],[135.63847,34.92298],[135.63922,34.92376],[135.63931,34.92442],[135.63929,34.92509],[135.63881,34.92621],[135.63854,34.92676],[135.63853,34.92731],[135.63829,34.92781],[135.63772,34.9277],[135.63741,34.92793],[135.63687,34.92792],[135.63682,34.92791]],[[135.6384,34.9229],[135.63846,34.92297]]]},"properties":{"name":"おおさか環状自然歩道","area":"osaka"}},{"type":"Feature","geometry":{"type":"MultiLineString","coordinates":[[[135.30459,34.79566],[135.30467,34.79568],[135.30483,34.79572],[135.30529,34.7955],[135.30578,34.79543],[135.30588,34.79552],[135.30599,34.79587],[135.30609,34.79611],[135.30616,34.79646],[135.30631,34.79682],[135.30648,34.79688],[135.3068,34.79706],[135.30725,34.79726],[135.30779,34.79726],[135.30802,34.79765],[135.30806,34.79795],[135.30774,34.79838],[135.30753,34.79876],[135.30743,34.79892],[135.30733,34.79906],[135.30698,34.7993],[135.30699,34.79938],[135.30721,34.79949],[135.30742,34.7996],[135.30774,34.7996],[135.30807,34.79959],[135.30835,34.79949],[135.30865,34.79937],[135.30919,34.79928],[135.30951,34.79933],[135.30975,34.79948],[135.30981,34.79957],[135.31007,34.79973],[135.3105,34.79994],[135.31102,34.80015],[135.3115,34.80019],[135.31194,34.80015],[135.31235,34.79991],[135.31272,34.79969],[135.31305,34.79963],[135.3136,34.79961],[135.31397,34.7996],[135.31417,34.79977],[135.31441,34.7998],[135.31483,34.79988],[135.31533,34.79974],[135.31556,34.79972],[135.31568,34.7998],[135.31592,34.79989],[135.31611,34.8],[135.31654,34.80011],[135.31708,34.8001],[135.31764,34.80008],[135.31798,34.8002],[135.31825,34.80047],[135.31857,34.80065],[135.31898,34.80088],[135.31923,34.80101],[135.31964,34.80102],[135.32,34.80098],[135.32035,34.80099],[135.32085,34.80113],[135.32093,34.80115],[135.32115,34.80118],[135.32136,34.80117],[135.32157,34.80117],[135.32189,34.8013],[135.32221,34.80163],[135.32224,34.8019],[135.32242,34.80213],[135.3227,34.80223],[135.32337,34.80252],[135.32365,34.80262],[135.32396,34.80285],[135.32397,34.80338],[135.32392,34.80372],[135.32386,34.80395],[135.32376,34.80423],[135.32368,34.80457],[135.32385,34.80486],[135.3244,34.80513],[135.32488,34.80534],[135.32524,34.80555],[135.32548,34.80545],[135.32567,34.8054],[135.32577,34.80546]],[[135.68729,34.56599],[135.68719,34.56597],[135.68668,34.56596],[135.68614,34.5661],[135.68557,34.56629],[135.68517,34.56637],[135.68423,34.56667],[135.6834,34.56714],[135.68238,34.56776],[135.6817,34.56794],[135.68112,34.56803],[135.68035,34.56796],[135.67965,34.56795],[135.6789,34.56777],[135.67819,34.56784],[135.67756,34.56787],[135.67685,34.56741],[135.67638,34.56717],[135.6763,34.56717]],[[135.69002,34.56678],[135.6899,34.56681],[135.6889,34.56673],[135.68848,34.56658],[135.68757,34.5661],[135.68729,34.56599]],[[135.69033,34.75726],[135.69032,34.75722],[135.69028,34.75703],[135.69021,34.75682],[135.69017,34.75668],[135.6901,34.75653],[135.68999,34.75641],[135.68992,34.7563],[135.68987,34.75605],[135.68984,34.75588],[135.68969,34.75581],[135.68966,34.75578]],[[135.68643,34.76449],[135.68648,34.76449],[135.68673,34.76446],[135.68707,34.76403],[135.68704,34.76362],[135.68698,34.76328],[135.68684,34.76308],[135.68681,34.76302]],[[135.68681,34.76302],[135.68672,34.76297],[135.68655,34.76281],[135.68642,34.76254],[135.68639,34.76219],[135.68677,34.7617],[135.68741,34.76154],[135.68845,34.76147],[135.68877,34.76098],[135.6887,34.76055],[135.68813,34.76006],[135.68762,34.75968],[135.68741,34.75919],[135.68747,34.75885],[135.68879,34.75803],[135.68896,34.75767],[135.68928,34.75763],[135.6896,34.75751],[135.68996,34.7575],[135.68981,34.75766]],[[135.68962,34.75574],[135.68956,34.75568],[135.68943,34.75544],[135.68953,34.75528],[135.68937,34.75506],[135.68927,34.75478],[135.68925,34.75472]],[[135.68925,34.75472],[135.68921,34.75457],[135.68908,34.75437],[135.68902,34.75437],[135.68907,34.75434],[135.68907,34.75423],[135.689,34.75403],[135.68899,34.75375],[135.68895,34.75353],[135.68899,34.75333],[135.68907,34.75307],[135.68908,34.75296],[135.68891,34.7529],[135.68869,34.75288],[135.6885,34.75278],[135.68837,34.75267],[135.68834,34.7525],[135.68829,34.75234],[135.68827,34.75225]],[[135.68964,34.75577],[135.68962,34.75574]],[[135.68966,34.75578],[135.68964,34.75577]]]},"properties":{"name":"近畿自然歩道（大阪区間）","area":"osaka"}}]}